Place;FirstName;LastName;Car Class;Car Number;Car;Car Model;Laps;Best S1;Best S2;Best S3;Best lap;Best lap (ms);Ideal Best lap;Total Race Time;Lap Date;SteamId;Track;Place,FirstName,LastName,Class,Car Number,Car,Car Model,Laps,Best S1,Best S2,Best S3,Best lap,Best lap (ms),Ideal Best lap,Total Race Time,Lap Date,SteamId
0.0;Nick;Efdee;Pro;23.0;Ferrari 296 GT3;32.0;42.0;26.994;21.72;34.884;01:23.667;83667.0;01:23.598;58:34.014;2025-06-22;M2533274876472342;Brands Hatch;
0.0;Zoltán;Keszeli;Unknown;25.0;McLaren 720S GT3 Evo;35.0;42.0;26.877;21.547;34.947;01:23.525;83525.0;01:23.371;58:28.050;2025-06-22;M2535441603635242;Brands Hatch;
0.0;Toby;Cirel;Am/reserve;33.0;BMW M4 GT3 2022;26.0;42.0;26.945;21.585;35.042;01:23.715;83715.0;01:23.572;58:36.030;2025-06-22;M2535459005860319;Brands Hatch;
0.0;Linden;Hill;Silver;16.0;Bentley Continental GT3 2018;8.0;42.0;26.982;21.675;34.957;01:23.662;83662.0;01:23.614;58:33.804;2025-06-22;M2533274805889819;Brands Hatch;
0.0;Andrew;Mcvittie;Pro;116.0;Aston Martin Vantage V8 2019;20.0;42.0;27.215;21.68;34.862;01:24.040;84040.0;01:23.757;58:49.680;2025-06-22;M2533274896948119;Brands Hatch;
0.0;Benjamin;Matthew;Unknown;42.0;Ferrari 296 GT3;32.0;42.0;26.898;21.726;34.833;01:23.553;83553.0;01:23.457;58:29.226;2025-06-22;M2535456990131789;Brands Hatch;
0.0;Ben;Jones;Pro;80.0;BMW M4 GT3 2022;26.0;42.0;27.277;21.732;35.26;01:24.315;84315.0;01:24.269;59:01.230;2025-06-22;M2562092466593675;Brands Hatch;
0.0;Brian;Slater;Pro;20.0;Ford Mustang GT3;36.0;42.0;27.183;21.576;35.229;01:24.192;84192.0;01:23.988;58:56.064;2025-06-22;M2533274804593068;Brands Hatch;
0.0;Zack;Gross;Am/reserve;992.0;Porsche 992 GT3 R;34.0;42.0;26.925;21.582;35.109;01:23.703;83703.0;01:23.616;58:35.526;2025-06-22;M2535430534227760;Brands Hatch;
0.0;Sean;Briggs;Pro;88.0;Mercedes AMG GT3 2020;25.0;42.0;27.177;21.72;35.052;01:24.445;84445.0;01:23.949;59:06.690;2025-06-22;M2535426324983035;Brands Hatch;
0.0;Martijn;van Maanen;Silver;148.0;BMW M4 GT3 2022;26.0;42.0;27.142;21.637;35.1;01:24.365;84365.0;01:23.879;59:03.330;2025-06-22;M2535439618096780;Brands Hatch;
0.0;Richard;Huxley;Am/reserve;89.0;Ferrari 296 GT3;32.0;42.0;27.192;21.714;35.52;01:24.939;84939.0;01:24.426;59:27.438;2025-06-22;M2535454029768367;Brands Hatch;
0.0;Mark;Browning;Pro;55.0;Ferrari 296 GT3;32.0;42.0;27.307;21.71;35.275;01:24.615;84615.0;01:24.292;59:13.830;2025-06-22;M2533274796566438;Brands Hatch;
0.0;Dustin;Hatcher;Am/reserve;777.0;Ferrari 296 GT3;32.0;42.0;27.207;21.729;35.157;01:24.150;84150.0;01:24.093;58:54.300;2025-06-22;M2533274853814129;Brands Hatch;
0.0;Graham;Kennedy;Pro;11.0;McLaren 720S GT3 Evo;35.0;42.0;27.452;21.79;35.29;01:24.792;84792.0;01:24.532;59:21.264;2025-06-22;M2533274817811996;Brands Hatch;
0.0;Mark;Stapely;Silver;142.0;McLaren 720S GT3 Evo;35.0;42.0;27.385;21.697;35.262;01:24.607;84607.0;01:24.344;59:13.494;2025-06-22;M2533274804293173;Brands Hatch;
0.0;Jesper;Beiboer;Am/reserve;15.0;Ferrari 296 GT3;32.0;42.0;27.156;21.834;35.373;01:24.555;84555.0;01:24.363;59:11.310;2025-06-22;M2535465743812802;Brands Hatch;
0.0;John;Guise;Pro;10.0;Mercedes AMG GT3 2020;25.0;41.0;27.357;21.72;35.301;01:24.519;84519.0;01:24.378;57:45.279;2025-06-22;M2533274803882798;Brands Hatch;
0.0;;BoA Basso;Silver;40.0;BMW M4 GT3 2022;26.0;41.0;27.33;21.942;35.5;01:25.117;85117.0;01:24.772;58:09.797;2025-06-22;M2533274809536861;Brands Hatch;
0.0;Rey;Sabio Jr;Silver;144.0;Ferrari 296 GT3;32.0;41.0;27.321;21.921;35.808;01:25.344;85344.0;01:25.050;58:19.104;2025-06-22;M2535464171877570;Brands Hatch;
0.0;Adam;Lovell;Am/reserve;260.0;Ford Mustang GT3;36.0;41.0;27.489;21.945;35.646;01:25.527;85527.0;01:25.080;58:26.607;2025-06-22;M2535468859834853;Brands Hatch;
0.0;Rob;Sexton;Pro;13.0;BMW M4 GT3 2022;26.0;41.0;27.595;21.947;35.502;01:25.395;85395.0;01:25.044;58:21.195;2025-06-22;M2533274809212122;Brands Hatch;
0.0;James;Roche;Am/reserve;87.0;Aston Martin Vantage V8 2019;20.0;39.0;28.032;22.041;35.712;01:26.016;86016.0;01:25.785;55:54.624;2025-06-22;M2535428335198107;Brands Hatch;
0.0;;ryanpatrickw;Unknown;149.0;Ferrari 296 GT3;32.0;21.0;27.255;21.73;35.082;01:24.207;84207.0;01:24.067;29:28.347;2025-06-22;M2535412775133805;Brands Hatch;
0.0;Craig;Barfield;Am/reserve;202.0;BMW M4 GT3 2022;26.0;5.0;28.07;22.552;36.097;01:26.720;86720.0;01:26.719;07:13.600;2025-06-22;P6555717445734582767;Brands Hatch;
0.0;;MattChow69;Am/reserve;720.0;McLaren 720S GT3 Evo;35.0;4.0;28.527;22.182;36.012;01:27.162;87162.0;01:26.721;05:48.648;2025-06-22;M2535457981610431;Brands Hatch;
0.0;D;Briggs;Pro;52.0;Ferrari 296 GT3;32.0;0.0;2147483.647;2147483.647;2147483.647;35791:23.647;2147483647.0;107374:10.941;;2025-06-22;M2533274963284096;Brands Hatch;
0.0;Toby;Cirel;Am/reserve;33.0;BMW M4 GT3 2022;26.0;28.0;26.69;48.99;50.2;02:06.075;126075.0;02:05.880;58:50.100;2025-05-25;M2535459005860319;Cota;
0.0;Zoltán;Keszeli;Unknown;25.0;McLaren 720S GT3 Evo;35.0;28.0;26.852;48.885;50.192;02:06.487;126487.0;02:05.929;59:01.636;2025-05-25;M2535441603635242;Cota;
0.0;Nick;Efdee;Pro;23.0;Ferrari 296 GT3;32.0;28.0;27.018;49.335;50.145;02:06.645;126645.0;02:06.498;59:06.060;2025-05-25;M2533274876472342;Cota;
0.0;Zack;Gross;Am/reserve;27.0;Porsche 992 GT3 R;34.0;28.0;26.895;49.281;50.415;02:06.888;126888.0;02:06.591;59:12.864;2025-05-25;M2535430534227760;Cota;
0.0;Benjamin;Matthew;Unknown;42.0;Ferrari 296 GT3;32.0;28.0;26.91;49.587;50.532;02:07.185;127185.0;02:07.029;59:21.180;2025-05-25;M2535456990131789;Cota;
0.0;Ben;Jones;Pro;80.0;BMW M4 GT3 2022;26.0;28.0;26.807;49.177;50.56;02:06.617;126617.0;02:06.544;59:05.276;2025-05-25;M2562092466593675;Cota;
0.0;Jesper;Beiboer;Am/reserve;15.0;Ferrari 296 GT3;32.0;28.0;26.847;49.554;50.478;02:07.287;127287.0;02:06.879;59:24.036;2025-05-25;M2535465743812802;Cota;
0.0;Rob;Sexton;Pro;13.0;BMW M4 GT3 2022;26.0;28.0;26.875;49.755;51.092;02:07.817;127817.0;02:07.722;59:38.876;2025-05-25;M2533274809212122;Cota;
0.0;Mark;Stapely;Silver;142.0;McLaren 720S GT3 Evo;35.0;28.0;26.977;49.815;50.877;02:08.307;128307.0;02:07.669;59:52.596;2025-05-25;M2533274804293173;Cota;
0.0;Dustin;Hatcher;Am/reserve;777.0;Ferrari 296 GT3;32.0;28.0;26.955;49.515;50.745;02:07.275;127275.0;02:07.215;59:23.700;2025-05-25;M2533274853814129;Cota;
0.0;Brian;Slater;Pro;20.0;Ford Mustang GT3;36.0;28.0;26.832;49.407;51.273;02:07.941;127941.0;02:07.512;59:42.348;2025-05-25;M2533274804593068;Cota;
0.0;Richard;Huxley;Am/reserve;89.0;Ferrari 296 GT3;32.0;28.0;27.033;49.8;50.895;02:08.043;128043.0;02:07.728;59:45.204;2025-05-25;M2535454029768367;Cota;
0.0;Sean;Briggs;Pro;88.0;Mercedes AMG GT3 2020;25.0;28.0;27.007;49.672;51.065;02:08.275;128275.0;02:07.744;59:51.700;2025-05-25;M2535426324983035;Cota;
0.0;Mark;Browning;Pro;7.0;Ferrari 296 GT3;32.0;28.0;27.055;49.48;50.58;02:07.397;127397.0;02:07.115;59:27.116;2025-05-25;M2533274796566438;Cota;
0.0;Rey;Sabio Jr;Silver;144.0;Ferrari 296 GT3;32.0;28.0;27.231;50.061;51.465;02:09.021;129021.0;02:08.757;60:12.588;2025-05-25;M2535464171877570;Cota;
0.0;Craig;Barfield;Am/reserve;202.0;BMW M4 GT3 2022;26.0;27.0;27.092;50.217;51.912;02:09.702;129702.0;02:09.221;58:21.954;2025-05-25;P6555717445734582767;Cota;
0.0;Ricardo;Garcia;Am/reserve;46.0;Ferrari 296 GT3;32.0;27.0;27.165;49.857;50.987;02:08.235;128235.0;02:08.009;57:42.345;2025-05-25;M2533274823895089;Cota;
0.0;Andrew;Mcvittie;Pro;116.0;Aston Martin Vantage V8 2019;20.0;27.0;26.815;49.32;50.595;02:07.110;127110.0;02:06.730;57:11.970;2025-05-25;M2533274896948119;Cota;
0.0;John;Guise;Pro;10.0;Mercedes AMG GT3 2020;25.0;27.0;27.177;50.196;50.853;02:08.736;128736.0;02:08.226;57:55.872;2025-05-25;M2533274803882798;Cota;
0.0;James;Roche;Am/reserve;87.0;Aston Martin Vantage V8 2019;20.0;27.0;27.171;50.652;51.795;02:10.155;130155.0;02:09.618;58:34.185;2025-05-25;M2535428335198107;Cota;
0.0;Luke;Lodge;Unknown;69.0;Mercedes AMG GT3 2020;25.0;19.0;26.877;49.311;50.277;02:06.810;126810.0;02:06.465;40:09.390;2025-05-25;M2535460166046909;Cota;
0.0;Adam;Lovell;Am/reserve;260.0;Ford Mustang GT3;36.0;15.0;26.841;50.091;52.746;02:10.485;130485.0;02:09.678;32:37.275;2025-05-25;M2535468859834853;Cota;
0.0;;AMS DR1VE;Am/reserve;33.0;Ginetta G55 GT4;56.0;21.0;40.36;41.4;31.532;01:53.520;113520.0;01:53.292;39:43.920;2025-04-30;M2535459005860319;Hungaroring;
0.0;;BadBen80;Pro;80.0;Ginetta G55 GT4;56.0;21.0;40.257;41.285;31.557;01:53.457;113457.0;01:53.099;39:42.597;2025-04-30;M2562092466593675;Hungaroring;
0.0;;Tos F;Unknown;747.0;Ginetta G55 GT4;56.0;21.0;40.332;41.437;31.595;01:53.680;113680.0;01:53.364;39:47.280;2025-04-30;M2533274825104371;Hungaroring;
0.0;;TAAT GUNA;Unknown;17.0;Ginetta G55 GT4;56.0;21.0;40.415;41.77;31.792;01:54.152;114152.0;01:53.977;39:57.192;2025-04-30;M2533274817407265;Hungaroring;
0.0;;Imagine Sphax;Pro;24.0;Ginetta G55 GT4;56.0;21.0;40.665;41.694;31.626;01:54.117;114117.0;01:53.985;39:56.457;2025-04-30;M2533274876472342;Hungaroring;
0.0;;Racingrich#2732;Am/reserve;89.0;Ginetta G55 GT4;56.0;21.0;40.539;41.883;31.59;01:54.543;114543.0;01:54.012;40:05.403;2025-04-30;M2535454029768367;Hungaroring;
0.0;;CT08 #4634;Am/reserve;8.0;Ginetta G55 GT4;56.0;21.0;40.427;41.82;31.722;01:54.297;114297.0;01:53.969;40:00.237;2025-04-30;M2535422371678774;Hungaroring;
0.0;;BoAPrawnStar;Pro;103.0;Ginetta G55 GT4;56.0;21.0;40.67;41.777;31.865;01:54.725;114725.0;01:54.312;40:09.225;2025-04-30;M2535426324983035;Hungaroring;
0.0;;KingWise76;Silver;144.0;Ginetta G55 GT4;56.0;21.0;40.95;42.39;32.163;01:55.692;115692.0;01:55.503;40:29.532;2025-04-30;M2535464171877570;Hungaroring;
0.0;;T1GZ81Honda;Am/reserve;23.0;Ginetta G55 GT4;56.0;20.0;41.157;42.465;32.412;01:57.006;117006.0;01:56.034;39:00.120;2025-04-30;M2535421862963748;Hungaroring;
0.0;;Thebadden#6350;Am/reserve;260.0;Ginetta G55 GT4;56.0;12.0;40.998;42.624;32.232;01:56.262;116262.0;01:55.854;23:15.144;2025-04-30;M2535468859834853;Hungaroring;
0.0;;BoA Freaky;Unknown;41.0;Ginetta G55 GT4;56.0;11.0;40.935;42.63;32.205;01:56.265;116265.0;01:55.770;21:18.915;2025-04-30;M2535459396515943;Hungaroring;
0.0;;GXL Hallam04;Am/reserve;240.0;Ginetta G55 GT4;56.0;4.0;40.95;43.89;32.709;01:57.549;117549.0;01:57.549;07:50.196;2025-04-30;M2535429463915836;Hungaroring;
0.0;;Dr Flexi Jerkov;Silver;16.0;Ginetta G55 GT4;56.0;3.0;40.36;41.6;31.792;01:53.910;113910.0;01:53.752;05:41.730;2025-04-30;M2533274805889819;Hungaroring;
0.0;;bmatthew717;Unknown;42.0;Ginetta G55 GT4;56.0;1.0;2147483.647;2147483.647;2147483.647;35791:23.647;2147483647.0;107374:10.941;35791:23.647;2025-04-30;M2535456990131789;Hungaroring;
0.0;;ogsl;Unknown;15.0;Ginetta G55 GT4;56.0;0.0;2147483.647;2147483.647;2147483.647;35791:23.647;2147483647.0;107374:10.941;;2025-04-30;M2533274798740952;Hungaroring;
0.0;;Deaddropc#9825;Unknown;355.0;Ginetta G55 GT4;56.0;0.0;2147483.647;2147483.647;2147483.647;35791:23.647;2147483647.0;107374:10.941;;2025-04-30;M2535408498331170;Hungaroring;
0.0;Ben;Jones;Pro;80.0;BMW M4 GT3 2022;26.0;35.0;21.715;32.655;47.375;01:41.992;101992.0;01:41.745;59:29.720;2025-07-06;M2562092466593675;Imola;
0.0;Nick;Efdee;Pro;23.0;Ferrari 296 GT3;32.0;35.0;21.753;32.694;47.46;01:42.144;102144.0;01:41.907;59:35.040;2025-07-06;M2533274876472342;Imola;
0.0;Benjamin;Matthew;Unknown;42.0;Ferrari 296 GT3;32.0;35.0;21.786;32.493;47.418;01:41.913;101913.0;01:41.697;59:26.955;2025-07-06;M2535456990131789;Imola;
0.0;Andrew;Mcvittie;Pro;116.0;Aston Martin Vantage V8 2019;20.0;35.0;21.697;32.58;47.59;01:41.885;101885.0;01:41.867;59:25.975;2025-07-06;M2533274896948119;Imola;
0.0;;zoli234#5551;Unknown;25.0;McLaren 720S GT3 Evo;35.0;35.0;21.93;32.527;47.317;01:42.125;102125.0;01:41.774;59:34.375;2025-07-06;M2535441603635242;Imola;
0.0;Roy;Briggs;Pro;52.0;Ferrari 296 GT3;32.0;35.0;21.843;32.922;48.018;01:43.146;103146.0;01:42.783;60:10.110;2025-07-06;M2533274963284096;Imola;
0.0;Graham;Kennedy;Pro;11.0;McLaren 720S GT3 Evo;35.0;35.0;22.06;32.885;48.087;01:43.180;103180.0;01:43.032;60:11.300;2025-07-06;M2533274817811996;Imola;
0.0;Mark;Stapely;Silver;142.0;McLaren 720S GT3 Evo;35.0;35.0;22.207;32.872;47.93;01:43.445;103445.0;01:43.009;60:20.575;2025-07-06;M2533274804293173;Imola;
0.0;Dustin;Hatcher;Am/reserve;777.0;Ferrari 296 GT3;32.0;35.0;22.065;32.643;47.883;01:42.780;102780.0;01:42.591;59:57.300;2025-07-06;M2533274853814129;Imola;
0.0;Richard;Huxley;Am/reserve;89.0;Ferrari 296 GT3;32.0;35.0;22.08;32.913;48.18;01:43.335;103335.0;01:43.173;60:16.725;2025-07-06;M2535454029768367;Imola;
0.0;John;Guise;Pro;10.0;Mercedes AMG GT3 2020;25.0;35.0;22.065;32.991;47.979;01:43.428;103428.0;01:43.035;60:19.980;2025-07-06;M2533274803882798;Imola;
0.0;Rey;Sabio Jr;Silver;144.0;Ferrari 296 GT3;32.0;35.0;22.242;33.18;48.375;01:44.031;104031.0;01:43.797;60:41.085;2025-07-06;M2535464171877570;Imola;
0.0;Manuel;Verzi;Unknown;6.0;BMW M6 GT3;7.0;35.0;21.921;32.982;47.7;01:42.693;102693.0;01:42.603;59:54.255;2025-07-06;M2535415068381608;Imola;
0.0;Adam;Lovell;Am/reserve;260.0;Ford Mustang GT3;36.0;35.0;22.014;33.321;48.225;01:44.058;104058.0;01:43.560;60:42.030;2025-07-06;M2535468859834853;Imola;
0.0;Sean;Briggs;Pro;88.0;Mercedes AMG GT3 2020;25.0;34.0;22.12;32.862;47.882;01:43.137;103137.0;01:42.864;58:26.658;2025-07-06;M2535426324983035;Imola;
0.0;James;Roche;Am/reserve;87.0;Aston Martin Vantage V8 2019;20.0;33.0;22.194;33.582;48.792;01:45.084;105084.0;01:44.568;57:47.772;2025-07-06;M2535428335198107;Imola;
0.0;jason;Macdonald;Silver;40.0;BMW M4 GT3 2022;26.0;24.0;22.035;33.19;48.045;01:43.427;103427.0;01:43.270;41:22.248;2025-07-06;M2533274809536861;Imola;
0.0;Toby;Cirel;Am/reserve;33.0;BMW M4 GT3 2022;26.0;0.0;2147483.647;2147483.647;2147483.647;35791:23.647;2147483647.0;107374:10.941;;2025-07-06;M2535459005860319;Imola;
0.0;Toby;Cirel;Am/reserve;33.0;BMW M4 GT3 2022;26.0;43.0;21.58;28.167;32.375;01:22.407;82407.0;01:22.122;59:03.501;2025-06-08;M2535459005860319;Laguna Seca;
0.0;Nick;Efdee;Pro;23.0;Ferrari 296 GT3;32.0;43.0;21.744;28.152;32.463;01:22.596;82596.0;01:22.359;59:11.628;2025-06-08;M2533274876472342;Laguna Seca;
0.0;Andrew;Mcvittie;Pro;116.0;Aston Martin Vantage V8 2019;20.0;43.0;21.69;28.32;32.637;01:22.887;82887.0;01:22.647;59:24.141;2025-06-08;M2533274896948119;Laguna Seca;
0.0;Ben;Jones;Pro;80.0;BMW M4 GT3 2022;26.0;43.0;21.897;28.267;32.595;01:22.857;82857.0;01:22.759;59:22.851;2025-06-08;M2562092466593675;Laguna Seca;
0.0;Zack;Gross;Am/reserve;27.0;Porsche 992 GT3 R;34.0;43.0;21.759;28.389;32.634;01:23.103;83103.0;01:22.782;59:33.429;2025-06-08;M2535430534227760;Laguna Seca;
0.0;Zoltán;Keszeli;Unknown;25.0;McLaren 720S GT3 Evo;35.0;43.0;21.632;28.16;32.372;01:22.267;82267.0;01:22.164;58:57.481;2025-06-08;M2535441603635242;Laguna Seca;
0.0;Sean;Briggs;Pro;88.0;Mercedes AMG GT3 2020;25.0;43.0;21.8;28.615;32.545;01:23.032;83032.0;01:22.960;59:30.376;2025-06-08;M2535426324983035;Laguna Seca;
0.0;Mark;Browning;Pro;55.0;Ferrari 296 GT3;32.0;43.0;21.85;28.525;32.98;01:23.632;83632.0;01:23.355;59:56.176;2025-06-08;M2533274796566438;Laguna Seca;
0.0;Graham;Kennedy;Pro;11.0;McLaren 720S GT3 Evo;35.0;43.0;21.915;28.577;32.742;01:23.327;83327.0;01:23.234;59:43.061;2025-06-08;M2533274817811996;Laguna Seca;
0.0;Linden;Hill;Silver;16.0;Bentley Continental GT3 2018;8.0;42.0;21.885;28.582;32.707;01:23.202;83202.0;01:23.174;58:14.484;2025-06-08;M2533274805889819;Laguna Seca;
0.0;John;Guise;Pro;10.0;Mercedes AMG GT3 2020;25.0;42.0;21.783;28.368;32.814;01:23.319;83319.0;01:22.965;58:19.398;2025-06-08;M2533274803882798;Laguna Seca;
0.0;Jesper;Beiboer;Am/reserve;15.0;Ferrari 296 GT3;32.0;42.0;21.813;28.422;32.946;01:23.427;83427.0;01:23.181;58:23.934;2025-06-08;M2535465743812802;Laguna Seca;
0.0;Brian;Slater;Pro;20.0;Ford Mustang GT3;36.0;42.0;21.897;28.395;33.033;01:23.577;83577.0;01:23.325;58:30.234;2025-06-08;M2533274804593068;Laguna Seca;
0.0;Adam;Lovell;Am/reserve;260.0;Ford Mustang GT3;36.0;42.0;21.957;28.707;32.961;01:23.733;83733.0;01:23.625;58:36.786;2025-06-08;M2535468859834853;Laguna Seca;
0.0;Mark;Stapely;Silver;142.0;McLaren 720S GT3 Evo;35.0;42.0;21.87;28.557;32.682;01:23.425;83425.0;01:23.109;58:23.850;2025-06-08;M2533274804293173;Laguna Seca;
0.0;Richard;Huxley;Am/reserve;89.0;Ferrari 296 GT3;32.0;42.0;22.059;28.56;33.0;01:23.868;83868.0;01:23.619;58:42.456;2025-06-08;M2535454029768367;Laguna Seca;
0.0;Rey;Sabio Jr;Silver;144.0;Ferrari 296 GT3;32.0;41.0;21.975;28.773;33.192;01:24.294;84294.0;01:23.940;57:36.054;2025-06-08;M2535464171877570;Laguna Seca;
0.0;James;Roche;Am/reserve;87.0;Aston Martin Vantage V8 2019;20.0;40.0;22.506;29.172;33.807;01:25.644;85644.0;01:25.485;57:05.760;2025-06-08;M2535428335198107;Laguna Seca;
0.0;Rob;Sexton;Pro;13.0;BMW M4 GT3 2022;26.0;16.0;22.275;28.905;33.41;01:24.862;84862.0;01:24.590;22:37.792;2025-06-08;M2533274809212122;Laguna Seca;
0.0;Dylan;Illidge;Am/reserve;550.0;BMW M4 GT3 2022;26.0;14.0;21.982;28.452;32.792;01:23.260;83260.0;01:23.226;19:25.640;2025-06-08;M2535428245246604;Laguna Seca;
0.0;Jacob;Lane;Unknown;53.0;Porsche 992 GT3 R;34.0;7.0;21.762;28.236;32.394;01:22.659;82659.0;01:22.392;09:38.613;2025-06-08;M2535440311354763;Laguna Seca;
;;;;;;;;;;;;;;;;;Misano;0,,EQR Apex,Unknown,53,Ginetta G55 GT4,56,24,25.353,40.128,35.946,01:41.772,101772,01:41.427,40:42.528,2025-05-28,M2535440311354763
;;;;;;;;;;;;;;;;;Misano;0,,AMS DR1VE,Am/reserve,33,Ginetta G55 GT4,56,24,25.247,40.242,35.995,01:41.812,101812,01:41.484,40:43.488,2025-05-28,M2535459005860319
;;;;;;;;;;;;;;;;;Misano;0,,UGC Luke,Unknown,69,Ginetta G55 GT4,56,24,25.434,40.461,36.282,01:42.384,102384,01:42.177,40:57.216,2025-05-28,M2535460166046909
;;;;;;;;;;;;;;;;;Misano;0,,Tos F,Unknown,747,Ginetta G55 GT4,56,24,25.500,40.652,36.135,01:42.610,102610,01:42.287,41:02.640,2025-05-28,M2533274825104371
;;;;;;;;;;;;;;;;;Misano;0,,Y2004DTI,Am/reserve,550,Ginetta G55 GT4,56,24,25.597,40.577,36.352,01:42.887,102887,01:42.526,41:09.288,2025-05-28,M2535428245246604
;;;;;;;;;;;;;;;;;Misano;0,,Imagine Sphax,Pro,23,Ginetta G55 GT4,56,24,25.686,40.815,36.372,01:43.230,103230,01:42.873,41:17.520,2025-05-28,M2533274876472342
;;;;;;;;;;;;;;;;;Misano;0,,BoAPrawnStar,Pro,88,Ginetta G55 GT4,56,24,25.657,40.887,36.547,01:43.207,103207,01:43.091,41:16.968,2025-05-28,M2535426324983035
;;;;;;;;;;;;;;;;;Misano;0,,BadBen80,Pro,80,Ginetta G55 GT4,56,24,25.570,40.552,36.325,01:42.717,102717,01:42.447,41:05.208,2025-05-28,M2562092466593675
;;;;;;;;;;;;;;;;;Misano;0,,dmoney69812,Am/reserve,777,Ginetta G55 GT4,56,24,25.914,40.836,36.591,01:43.662,103662,01:43.341,41:27.888,2025-05-28,M2533274853814129
;;;;;;;;;;;;;;;;;Misano;0,,bmatthew717,Unknown,42,Ginetta G55 GT4,56,24,25.491,40.488,36.270,01:42.435,102435,01:42.249,40:58.440,2025-05-28,M2535456990131789
;;;;;;;;;;;;;;;;;Misano;0,,KingWise76,Silver,144,Ginetta G55 GT4,56,24,26.115,40.800,36.798,01:44.301,104301,01:43.713,41:43.224,2025-05-28,M2535464171877570
;;;;;;;;;;;;;;;;;Misano;0,,TAAT GUNA,Unknown,201,Ginetta G55 GT4,56,24,25.790,40.620,36.532,01:43.195,103195,01:42.942,41:16.680,2025-05-28,M2533274817407265
;;;;;;;;;;;;;;;;;Misano;0,,Racingrich#2732,Am/reserve,89,Ginetta G55 GT4,56,23,25.842,40.977,36.705,01:43.680,103680,01:43.524,39:44.640,2025-05-28,M2535454029768367
;;;;;;;;;;;;;;;;;Misano;0,,AMS Martinez,Silver,27,Ginetta G55 GT4,56,20,25.595,40.625,36.345,01:42.632,102632,01:42.565,34:12.640,2025-05-28,M2535439618096780
;;;;;;;;;;;;;;;;;Misano;0,,ryanpatrickw,Unknown,15,Ginetta G55 GT4,56,17,25.602,40.637,36.445,01:42.967,102967,01:42.684,29:10.439,2025-05-28,M2535412775133805
;;;;;;;;;;;;;;;;;Misano;0,,Thebadden#6350,Am/reserve,260,Ginetta G55 GT4,56,7,27.255,41.469,37.893,01:46.812,106812,01:46.617,12:27.684,2025-05-28,M2535468859834853
0.0;Toby;Cirel;Am/reserve;33.0;BMW M4 GT3 2022;26.0;42.0;34.817;37.637;34.795;01:47.482;107482.0;01:47.249;75:14.244;2025-07-20;M2535459005860319;Monza;
0.0;Benjamin;Matthew;Unknown;42.0;Ferrari 296 GT3;32.0;42.0;34.899;37.617;34.965;01:47.709;107709.0;01:47.481;75:23.778;2025-07-20;M2535456990131789;Monza;
0.0;Zack;Gross;Am/reserve;27.0;Porsche 992 GT3 R;34.0;42.0;34.869;37.695;35.133;01:48.024;108024.0;01:47.697;75:37.008;2025-07-20;M2535430534227760;Monza;
0.0;Ben;Jones;Pro;80.0;BMW M4 GT3 2022;26.0;42.0;34.98;37.76;35.182;01:48.117;108117.0;01:47.922;75:40.914;2025-07-20;M2562092466593675;Monza;
0.0;Nick;Efdee;Pro;23.0;Ferrari 296 GT3;32.0;42.0;35.193;37.908;35.073;01:48.285;108285.0;01:48.174;75:47.970;2025-07-20;M2533274876472342;Monza;
0.0;Z;Keszeli;Unknown;25.0;McLaren 720S GT3 Evo;35.0;42.0;35.012;37.647;34.925;01:47.590;107590.0;01:47.584;75:18.780;2025-07-20;M2535441603635242;Monza;
0.0;Graham;Kennedy;Pro;11.0;McLaren 720S GT3 Evo;35.0;42.0;35.122;38.142;35.345;01:48.777;108777.0;01:48.609;76:08.634;2025-07-20;M2533274817811996;Monza;
0.0;Sean;Briggs;Pro;88.0;Mercedes AMG GT3 2020;25.0;42.0;35.195;37.905;35.202;01:48.530;108530.0;01:48.302;75:58.260;2025-07-20;M2535426324983035;Monza;
0.0;Dylan;Illidge;Am/reserve;550.0;BMW M4 GT3 2022;26.0;42.0;35.015;38.172;35.545;01:48.990;108990.0;01:48.732;76:17.580;2025-07-20;M2535428245246604;Monza;
0.0;Adam;Lovell;Am/reserve;260.0;Ford Mustang GT3;36.0;42.0;34.935;38.19;35.523;01:49.053;109053.0;01:48.648;76:20.226;2025-07-20;M2535468859834853;Monza;
0.0;Mark;Stapely;Silver;142.0;McLaren 720S GT3 Evo;35.0;42.0;35.212;38.025;35.36;01:48.837;108837.0;01:48.597;76:11.154;2025-07-20;M2533274804293173;Monza;
0.0;Roy;Briggs;Pro;52.0;Ferrari 296 GT3;32.0;41.0;35.118;38.298;35.628;01:49.179;109179.0;01:49.044;74:36.339;2025-07-20;M2533274963284096;Monza;
0.0;Mark;Browning;Pro;7.0;Ferrari 296 GT3;32.0;41.0;35.055;38.175;35.747;01:49.375;109375.0;01:48.977;74:44.375;2025-07-20;M2533274796566438;Monza;
0.0;Richard;Huxley;Am/reserve;89.0;Ferrari 296 GT3;32.0;41.0;35.202;38.394;35.67;01:49.746;109746.0;01:49.266;74:59.586;2025-07-20;M2535454029768367;Monza;
0.0;James;Roche;Am/reserve;87.0;Aston Martin Vantage V8 2019;20.0;41.0;35.166;38.778;36.345;01:50.766;110766.0;01:50.289;75:41.406;2025-07-20;M2535428335198107;Monza;
0.0;John;Guise;Pro;10.0;Mercedes AMG GT3 2020;25.0;40.0;35.22;38.199;35.334;01:49.191;109191.0;01:48.753;72:47.640;2025-07-20;M2533274803882798;Monza;
0.0;Rob;Sexton;Pro;13.0;BMW M4 GT3 2022;26.0;40.0;35.327;38.527;36.065;01:50.340;110340.0;01:49.919;73:33.600;2025-07-20;M2533274809212122;Monza;
0.0;Dustin;Hatcher;Am/reserve;777.0;Ferrari 296 GT3;32.0;40.0;35.067;38.13;35.499;01:49.224;109224.0;01:48.696;72:48.960;2025-07-20;M2533274853814129;Monza;
0.0;Gareth;Johnstone;Am/reserve;420.0;Honda NSX Evo 2019;21.0;29.0;35.142;39.234;36.384;01:51.192;111192.0;01:50.760;53:44.568;2025-07-20;M2535421862963748;Monza;
0.0;Rey;Sabio Jr;Silver;144.0;Ferrari 296 GT3;32.0;14.0;35.397;38.703;35.907;01:50.556;110556.0;01:50.007;25:47.784;2025-07-20;M2535464171877570;Monza;
0.0;;AMS_Ysbrand;Unknown;26.0;McLaren 720S GT3 Evo;35.0;7.0;35.04;37.765;34.957;01:48.127;108127.0;01:47.762;12:36.889;2025-07-20;P8128973203454498506;Monza;
0.0;Craig;Barfield;Am/reserve;202.0;BMW M4 GT3 2022;26.0;5.0;35.64;38.822;35.997;01:51.327;111327.0;01:50.459;09:16.635;2025-07-20;P6555717445734582767;Monza;
0.0;Linden;Hill;Silver;16.0;Bentley Continental GT3 2018;8.0;5.0;34.967;38.212;35.457;01:48.842;108842.0;01:48.636;09:04.210;2025-07-20;M2533274805889819;Monza;
0.0;Manuel;Verzi;Unknown;6.0;BMW M6 GT3;7.0;5.0;34.755;38.61;35.892;01:49.485;109485.0;01:49.257;09:07.425;2025-07-20;M2535415068381608;Monza;
0.0;Lee;Hallam;Am/reserve;240.0;Ferrari 296 GT3;32.0;2.0;2147483.647;2147483.647;2147483.647;35791:23.647;2147483647.0;107374:10.941;71582:47.294;2025-07-20;M2535429463915836;Monza;
0.0;;AMS_Erik;Unknown;109.0;McLaren 720S GT3 Evo;35.0;1.0;2147483.647;2147483.647;2147483.647;35791:23.647;2147483647.0;107374:10.941;35791:23.647;2025-07-20;P5893162401816038298;Monza;
0.0;Zoltán;Keszeli;Unknown;25.0;McLaren 720S GT3 Evo;35.0;31.0;54.86;42.85;16.857;01:54.597;114597.0;01:54.567;59:12.507;2025-06-29;M2535441603635242;Nurburgring;
0.0;Zack;Gross;Am/reserve;27.0;Porsche 992 GT3 R;34.0;31.0;54.831;42.951;16.998;01:55.014;115014.0;01:54.780;59:25.434;2025-06-29;M2535430534227760;Nurburgring;
0.0;Nick;Efdee;Pro;23.0;Ferrari 296 GT3;32.0;31.0;54.924;42.999;16.812;01:54.882;114882.0;01:54.735;59:21.342;2025-06-29;M2533274876472342;Nurburgring;
0.0;Andrew;Mcvittie;Pro;116.0;Aston Martin Vantage V8 2019;20.0;31.0;55.017;42.89;16.75;01:54.950;114950.0;01:54.657;59:23.450;2025-06-29;M2533274896948119;Nurburgring;
0.0;Linden;Hill;Silver;16.0;Bentley Continental GT3 2018;8.0;31.0;55.135;42.99;16.977;01:55.185;115185.0;01:55.102;59:30.735;2025-06-29;M2533274805889819;Nurburgring;
0.0;Benjamin;Matthew;Unknown;42.0;Ferrari 296 GT3;32.0;31.0;55.122;42.891;16.719;01:55.071;115071.0;01:54.732;59:27.201;2025-06-29;M2535456990131789;Nurburgring;
0.0;Ben;Jones;Pro;80.0;BMW M4 GT3 2022;26.0;31.0;55.162;43.102;17.062;01:55.445;115445.0;01:55.326;59:38.795;2025-06-29;M2562092466593675;Nurburgring;
0.0;Brian;Slater;Pro;20.0;Ford Mustang GT3;36.0;31.0;55.38;42.99;16.986;01:55.356;115356.0;01:55.356;59:36.036;2025-06-29;M2533274804593068;Nurburgring;
0.0;Toby;Cirel;Am/reserve;33.0;BMW M4 GT3 2022;26.0;31.0;55.102;42.812;16.892;01:55.070;115070.0;01:54.806;59:27.170;2025-06-29;M2535459005860319;Nurburgring;
0.0;Jesper;Beiboer;Am/reserve;15.0;Ferrari 296 GT3;32.0;31.0;55.299;43.074;16.911;01:55.560;115560.0;01:55.284;59:42.360;2025-06-29;M2535465743812802;Nurburgring;
0.0;Mark;Stapely;Silver;142.0;McLaren 720S GT3 Evo;35.0;31.0;55.282;43.28;16.995;01:56.002;116002.0;01:55.557;59:56.062;2025-06-29;M2533274804293173;Nurburgring;
0.0;Sean;Briggs;Pro;88.0;Mercedes AMG GT3 2020;25.0;31.0;55.55;43.447;17.012;01:56.157;116157.0;01:56.009;60:00.867;2025-06-29;M2535426324983035;Nurburgring;
0.0;Richard;Huxley;Am/reserve;89.0;Ferrari 296 GT3;32.0;31.0;55.581;43.413;17.058;01:56.256;116256.0;01:56.052;60:03.936;2025-06-29;M2535454029768367;Nurburgring;
0.0;;BoA Basso;Silver;40.0;BMW M4 GT3 2022;26.0;31.0;55.472;43.505;17.065;01:56.412;116412.0;01:56.042;60:08.772;2025-06-29;M2533274809536861;Nurburgring;
0.0;John;Guise;Pro;10.0;Mercedes AMG GT3 2020;25.0;31.0;55.635;43.8;17.043;01:56.778;116778.0;01:56.478;60:20.118;2025-06-29;M2533274803882798;Nurburgring;
0.0;Rey;Sabio Jr;Silver;144.0;Ferrari 296 GT3;32.0;31.0;55.773;43.446;17.229;01:56.793;116793.0;01:56.448;60:20.583;2025-06-29;M2535464171877570;Nurburgring;
0.0;Graham;Kennedy;Pro;11.0;McLaren 720S GT3 Evo;35.0;30.0;55.555;43.27;17.015;01:56.080;116080.0;01:55.840;58:02.400;2025-06-29;M2533274817811996;Nurburgring;
0.0;Rob;Sexton;Pro;13.0;BMW M4 GT3 2022;26.0;30.0;56.23;43.765;17.577;01:57.837;117837.0;01:57.572;58:55.110;2025-06-29;M2533274809212122;Nurburgring;
0.0;Dustin;Hatcher;Am/reserve;777.0;Ferrari 296 GT3;32.0;30.0;55.884;43.491;17.355;01:57.426;117426.0;01:56.730;58:42.780;2025-06-29;M2533274853814129;Nurburgring;
0.0;Craig;Barfield;Am/reserve;202.0;BMW M4 GT3 2022;26.0;30.0;56.442;43.685;17.242;01:57.727;117727.0;01:57.369;58:51.810;2025-06-29;P6555717445734582767;Nurburgring;
0.0;Matt;Keen;Silver;92.0;Porsche 992 GT3 R;34.0;17.0;55.475;43.377;16.93;01:55.967;115967.0;01:55.782;32:51.439;2025-06-29;M2533274934545075;Nurburgring;
0.0;Adam;Lovell;Am/reserve;260.0;Ford Mustang GT3;36.0;16.0;56.13;43.686;17.379;01:57.729;117729.0;01:57.195;31:23.664;2025-06-29;M2535468859834853;Nurburgring;
0.0;James;Roche;Am/reserve;87.0;Aston Martin Vantage V8 2019;20.0;14.0;57.123;44.232;17.514;01:59.031;119031.0;01:58.869;27:46.434;2025-06-29;M2535428335198107;Nurburgring;
0.0;Corey;Tidman;Am/reserve;56.0;BMW M4 GT3 2022;26.0;0.0;2147483.647;2147483.647;2147483.647;35791:23.647;2147483647.0;107374:10.941;;2025-06-29;M2535422371678774;Nurburgring;
0.0;D;Briggs;Pro;52.0;Ferrari 296 GT3;32.0;0.0;2147483.647;2147483.647;2147483.647;35791:23.647;2147483647.0;107374:10.941;;2025-06-29;M2533274963284096;Nurburgring;
0.0;;AMS DR1VE;Am/reserve;33.0;Ginetta G55 GT4;56.0;24.0;25.365;48.665;27.707;01:41.882;101882.0;01:41.737;40:45.168;2025-05-21;M2535459005860319;Oulton Park;
0.0;;UGC Luke;Unknown;69.0;Ginetta G55 GT4;56.0;24.0;25.167;48.696;27.759;01:41.859;101859.0;01:41.622;40:44.616;2025-05-21;M2535460166046909;Oulton Park;
0.0;;Imagine Sphax;Pro;23.0;Ginetta G55 GT4;56.0;24.0;25.338;48.987;28.026;01:42.492;102492.0;01:42.351;40:59.808;2025-05-21;M2533274876472342;Oulton Park;
0.0;;Racingrich#2732;Am/reserve;89.0;Ginetta G55 GT4;56.0;24.0;25.458;49.203;27.978;01:43.074;103074.0;01:42.639;41:13.776;2025-05-21;M2535454029768367;Oulton Park;
0.0;;BadBen80;Pro;80.0;Ginetta G55 GT4;56.0;24.0;25.37;48.79;27.81;01:42.362;102362.0;01:41.970;40:56.688;2025-05-21;M2562092466593675;Oulton Park;
0.0;;EQR Apex;Unknown;53.0;Ginetta G55 GT4;56.0;24.0;25.35;48.759;27.936;01:42.045;102045.0;01:42.045;40:49.080;2025-05-21;M2535440311354763;Oulton Park;
0.0;;BoAPrawnStar;Pro;88.0;Ginetta G55 GT4;56.0;24.0;25.475;49.385;28.135;01:43.297;103297.0;01:42.995;41:19.128;2025-05-21;M2535426324983035;Oulton Park;
0.0;;Tos F;Unknown;747.0;Ginetta G55 GT4;56.0;24.0;25.275;49.232;27.93;01:42.640;102640.0;01:42.437;41:03.360;2025-05-21;M2533274825104371;Oulton Park;
0.0;;Thebadden#6350;Am/reserve;260.0;Ginetta G55 GT4;56.0;24.0;25.485;49.572;28.026;01:43.527;103527.0;01:43.083;41:24.648;2025-05-21;M2535468859834853;Oulton Park;
0.0;;KingWise76;Silver;144.0;Ginetta G55 GT4;56.0;23.0;25.683;50.229;28.368;01:44.553;104553.0;01:44.280;40:04.719;2025-05-21;M2535464171877570;Oulton Park;
0.0;;T1GZ81Honda;Am/reserve;24.0;Ginetta G55 GT4;56.0;21.0;25.986;50.793;28.536;01:45.726;105726.0;01:45.315;37:00.246;2025-05-21;M2535421862963748;Oulton Park;
0.0;;CHEWBACCA 3110;Silver;15.0;Ginetta G55 GT4;56.0;15.0;25.302;49.27;28.102;01:42.965;102965.0;01:42.674;25:44.475;2025-05-21;M2533274934545075;Oulton Park;
0.0;;bmatthew717;Unknown;42.0;Ginetta G55 GT4;56.0;10.0;25.482;49.23;28.194;01:43.404;103404.0;01:42.906;17:14.040;2025-05-21;M2535456990131789;Oulton Park;
0.0;;TAAT GUNA;Unknown;201.0;Ginetta G55 GT4;56.0;5.0;25.372;49.167;28.022;01:42.562;102562.0;01:42.561;08:32.810;2025-05-21;M2533274817407265;Oulton Park;
0.0;;TTVRIPIndigo;Am/reserve;17.0;Ginetta G55 GT4;56.0;1.0;2147483.647;2147483.647;2147483.647;35791:23.647;2147483647.0;107374:10.941;35791:23.647;2025-05-21;P8342114600090339060;Oulton Park;
0.0;;HarryPalmerr;Unknown;16.0;Ginetta G55 GT4;56.0;1.0;2147483.647;2147483.647;2147483.647;35791:23.647;2147483647.0;107374:10.941;35791:23.647;2025-05-21;P560856601992808603;Oulton Park;
0.0;;CT08 #4634;Am/reserve;8.0;Ginetta G55 GT4;56.0;0.0;2147483.647;2147483.647;2147483.647;35791:23.647;2147483647.0;107374:10.941;;2025-05-21;M2535422371678774;Oulton Park;
0.0;Toby;Cirel;Am/reserve;33.0;BMW M4 GT3 2022;26.0;31.0;31.46;32.225;50.415;01:54.350;114350.0;01:54.100;59:04.850;2025-04-27;M2535459005860319;Paul Ricard;
0.0;Nick;Efdee;Pro;23.0;Ferrari 296 GT3;32.0;31.0;31.644;31.8;50.532;01:54.477;114477.0;01:53.976;59:08.787;2025-04-27;M2533274876472342;Paul Ricard;
0.0;Luke;Lodge;Unknown;69.0;Mercedes AMG GT3 2020;25.0;31.0;31.584;31.956;50.565;01:54.303;114303.0;01:54.105;59:03.393;2025-04-27;M2535460166046909;Paul Ricard;
0.0;Andrew;Mcvittie;Pro;116.0;Aston Martin Vantage V8 2019;20.0;31.0;31.852;32.107;50.495;01:54.552;114552.0;01:54.454;59:11.112;2025-04-27;M2533274896948119;Paul Ricard;
0.0;Linden;Hill;Silver;16.0;Bentley Continental GT3 2018;8.0;31.0;31.942;31.882;50.987;01:55.052;115052.0;01:54.811;59:26.612;2025-04-27;M2533274805889819;Paul Ricard;
0.0;Sean;Briggs;Pro;88.0;Mercedes AMG GT3 2020;25.0;31.0;31.927;32.217;51.05;01:55.630;115630.0;01:55.194;59:44.530;2025-04-27;M2535426324983035;Paul Ricard;
0.0;Dylan;Illidge;Am/reserve;550.0;BMW M4 GT3 2022;26.0;31.0;31.972;32.095;51.302;01:55.722;115722.0;01:55.369;59:47.382;2025-04-27;M2535428245246604;Paul Ricard;
0.0;Tony;Richmond;Am/reserve;747.0;Audi R8 LMS Evo 2;31.0;31.0;31.94;32.18;51.112;01:55.350;115350.0;01:55.232;59:35.850;2025-04-27;M2535463400577494;Paul Ricard;
0.0;Richard;Huxley;Am/reserve;89.0;Ferrari 296 GT3;32.0;31.0;32.169;31.983;51.261;01:55.608;115608.0;01:55.413;59:43.848;2025-04-27;M2535454029768367;Paul Ricard;
0.0;Rene;Barkowski;Unknown;223.0;Ferrari 296 GT3;32.0;31.0;32.08;32.047;51.067;01:55.545;115545.0;01:55.194;59:41.895;2025-04-27;P714091755448266866;Paul Ricard;
0.0;Zack;Gross;Am/reserve;992.0;Porsche 992 GT3 R;34.0;31.0;32.184;31.929;51.069;01:55.938;115938.0;01:55.182;59:54.078;2025-04-27;M2535430534227760;Paul Ricard;
0.0;Zoltán;Keszeli;Unknown;25.0;McLaren 720S GT3 Evo;35.0;31.0;31.59;32.075;50.572;01:54.875;114875.0;01:54.237;59:21.125;2025-04-27;M2535441603635242;Paul Ricard;
0.0;Sam;Bromhead;Am/reserve;36.0;McLaren 720S GT3 Evo;35.0;31.0;32.045;32.23;51.16;01:55.685;115685.0;01:55.435;59:46.235;2025-04-27;M2535468358420160;Paul Ricard;
0.0;Dustin;Hatcher;Am/reserve;777.0;Ferrari 296 GT3;32.0;31.0;32.04;32.082;50.982;01:55.770;115770.0;01:55.104;59:48.870;2025-04-27;M2533274853814129;Paul Ricard;
0.0;John;Guise;Pro;10.0;Mercedes AMG GT3 2020;25.0;31.0;32.04;32.145;51.36;01:55.758;115758.0;01:55.545;59:48.498;2025-04-27;M2533274803882798;Paul Ricard;
0.0;Graham;Kennedy;Pro;11.0;McLaren 720S GT3 Evo;35.0;31.0;32.067;31.99;51.305;01:55.805;115805.0;01:55.362;59:49.955;2025-04-27;M2533274817811996;Paul Ricard;
0.0;Rui;Pedro;Am/reserve;1.0;Nissan GT-R Nismo GT3 2018;6.0;31.0;32.53;32.092;51.332;01:56.655;116655.0;01:55.954;60:16.305;2025-04-27;M2535407791780515;Paul Ricard;
0.0;Matt;Keen;Silver;92.0;Porsche 992 GT3 R;34.0;31.0;32.212;32.402;50.942;01:56.100;116100.0;01:55.556;59:59.100;2025-04-27;M2533274934545075;Paul Ricard;
0.0;Ben;Jones;Pro;80.0;BMW M4 GT3 2022;26.0;31.0;32.07;32.335;51.132;01:55.600;115600.0;01:55.537;59:43.600;2025-04-27;M2562092466593675;Paul Ricard;
0.0;Adam;Lovell;Am/reserve;260.0;Ford Mustang GT3;36.0;31.0;32.361;31.809;52.098;01:56.331;116331.0;01:56.268;60:06.261;2025-04-27;M2535468859834853;Paul Ricard;
0.0;Rey;Sabio Jr;Silver;144.0;Ferrari 296 GT3;32.0;31.0;32.22;32.127;51.51;01:56.544;116544.0;01:55.857;60:12.864;2025-04-27;M2535464171877570;Paul Ricard;
0.0;Mark;Stapely;Silver;142.0;McLaren 720S GT3 Evo;35.0;30.0;32.327;32.325;51.322;01:56.290;116290.0;01:55.974;58:08.700;2025-04-27;M2533274804293173;Paul Ricard;
0.0;James;Roche;Am/reserve;87.0;Aston Martin Vantage V8 2019;20.0;30.0;32.274;32.343;51.498;01:56.325;116325.0;01:56.115;58:09.750;2025-04-27;M2535428335198107;Paul Ricard;
0.0;Ricardo;Garcia;Am/reserve;46.0;Ferrari 296 GT3;32.0;30.0;31.847;32.14;51.137;01:55.352;115352.0;01:55.124;57:40.560;2025-04-27;M2533274823895089;Paul Ricard;
0.0;Craig;Barfield;Am/reserve;202.0;BMW M4 GT3 2022;26.0;30.0;32.152;32.65;51.58;01:57.005;117005.0;01:56.382;58:30.150;2025-04-27;P6555717445734582767;Paul Ricard;
0.0;Jesper;Beiboer;Am/reserve;15.0;Ferrari 296 GT3;32.0;30.0;31.875;32.109;51.03;01:55.374;115374.0;01:55.014;57:41.220;2025-04-27;M2535465743812802;Paul Ricard;
0.0;Lee;Hallam;Am/reserve;240.0;Ferrari 296 GT3;32.0;30.0;32.619;32.46;52.476;01:58.101;118101.0;01:57.555;59:03.030;2025-04-27;M2535429463915836;Paul Ricard;
0.0;Gareth;Johnstone;Am/reserve;420.0;Honda NSX Evo 2019;21.0;30.0;33.327;32.61;52.785;01:59.004;119004.0;01:58.722;59:30.120;2025-04-27;M2535421862963748;Paul Ricard;
0.0;Benjamin;Matthew;Unknown;42.0;Ferrari 296 GT3;32.0;30.0;31.848;32.238;51.066;01:55.545;115545.0;01:55.152;57:46.350;2025-04-27;M2535456990131789;Paul Ricard;
0.0;Joshey;Amaral;Am/reserve;206.0;McLaren 720S GT3 Evo;35.0;29.0;32.485;32.475;52.482;01:58.550;118550.0;01:57.442;57:17.950;2025-04-27;M2535471399818041;Paul Ricard;
0.0;Mark;Browning;Pro;55.0;Ferrari 296 GT3;32.0;29.0;32.477;32.075;51.455;01:56.307;116307.0;01:56.007;56:12.903;2025-04-27;M2533274796566438;Paul Ricard;
0.0;Gerwin;Aarns;Unknown;66.0;McLaren 720S GT3 Evo;35.0;26.0;33.085;32.672;53.42;01:59.722;119722.0;01:59.177;51:52.772;2025-04-27;M2533274851017524;Paul Ricard;
0.0;Rob;Sexton;Pro;13.0;BMW M4 GT3 2022;26.0;26.0;32.192;32.142;51.382;01:55.827;115827.0;01:55.716;50:11.502;2025-04-27;M2533274809212122;Paul Ricard;
0.0;Daniel;Cook;Unknown;26.0;Ferrari 296 GT3;32.0;19.0;32.77;32.445;51.465;01:57.122;117122.0;01:56.680;37:05.318;2025-04-27;M2533274857411224;Paul Ricard;
0.0;Jordan;Navarro;Am/reserve;51.0;Ferrari 296 GT3;32.0;7.0;32.226;32.103;51.405;01:56.019;116019.0;01:55.734;13:32.133;2025-04-27;M2535450702745500;Paul Ricard;
0.0;jason;Macdonald;Silver;40.0;BMW M4 GT3 2022;26.0;3.0;32.792;32.285;52.502;01:57.580;117580.0;01:57.579;05:52.740;2025-04-27;M2533274809536861;Paul Ricard;
0.0;Z;Keszeli;Unknown;25.0;McLaren 720S GT3 Evo;35.0;38.0;23.565;41.027;29.015;01:33.835;93835.0;01:33.607;59:25.730;2025-07-13;M2535441603635242;Red Bull Ring;
0.0;Ben;Jones;Pro;80.0;BMW M4 GT3 2022;26.0;38.0;23.542;41.032;29.32;01:34.090;94090.0;01:33.894;59:35.420;2025-07-13;M2562092466593675;Red Bull Ring;
0.0;Nick;Efdee;Pro;23.0;Ferrari 296 GT3;32.0;38.0;23.535;41.148;29.226;01:34.065;94065.0;01:33.909;59:34.470;2025-07-13;M2533274876472342;Red Bull Ring;
0.0;Zack;Gross;Am/reserve;27.0;Porsche 992 GT3 R;34.0;38.0;23.538;40.854;29.106;01:33.639;93639.0;01:33.498;59:18.282;2025-07-13;M2535430534227760;Red Bull Ring;
0.0;Benjamin;Matthew;Unknown;42.0;Ferrari 296 GT3;32.0;38.0;23.4;41.112;29.145;01:33.801;93801.0;01:33.657;59:24.438;2025-07-13;M2535456990131789;Red Bull Ring;
0.0;Jesper;Beiboer;Am/reserve;15.0;Ferrari 296 GT3;32.0;38.0;23.742;41.292;29.16;01:34.557;94557.0;01:34.194;59:53.166;2025-07-13;M2535465743812802;Red Bull Ring;
0.0;Sean;Briggs;Pro;88.0;Mercedes AMG GT3 2020;25.0;38.0;23.512;41.237;29.715;01:34.772;94772.0;01:34.464;60:01.336;2025-07-13;M2535426324983035;Red Bull Ring;
0.0;Richard;Huxley;Am/reserve;89.0;Ferrari 296 GT3;32.0;38.0;23.61;41.313;29.469;01:34.503;94503.0;01:34.392;59:51.114;2025-07-13;M2535454029768367;Red Bull Ring;
0.0;;BoA KoolAid;Pro;20.0;Ford Mustang GT3;36.0;38.0;23.646;41.898;29.457;01:35.199;95199.0;01:35.001;60:17.562;2025-07-13;M2533274804593068;Red Bull Ring;
0.0;Adam;Lovell;Am/reserve;260.0;Ford Mustang GT3;36.0;38.0;23.532;41.619;29.706;01:35.073;95073.0;01:34.857;60:12.774;2025-07-13;M2535468859834853;Red Bull Ring;
0.0;Graham;Kennedy;Pro;11.0;McLaren 720S GT3 Evo;35.0;38.0;23.815;41.595;29.97;01:35.692;95692.0;01:35.380;60:36.296;2025-07-13;M2533274817811996;Red Bull Ring;
0.0;Rob;Sexton;Pro;13.0;BMW M4 GT3 2022;26.0;37.0;23.785;41.635;29.935;01:35.552;95552.0;01:35.355;58:55.424;2025-07-13;M2533274809212122;Red Bull Ring;
0.0;John;Guise;Pro;10.0;Mercedes AMG GT3 2020;25.0;37.0;23.865;42.081;29.967;01:36.534;96534.0;01:35.913;59:31.758;2025-07-13;M2533274803882798;Red Bull Ring;
0.0;Roy;Briggs;Pro;52.0;Ferrari 296 GT3;32.0;37.0;23.835;41.394;29.634;01:35.076;95076.0;01:34.863;58:37.812;2025-07-13;M2533274963284096;Red Bull Ring;
0.0;Craig;Barfield;Am/reserve;202.0;BMW M4 GT3 2022;26.0;36.0;24.127;42.375;30.505;01:37.677;97677.0;01:37.007;58:36.372;2025-07-13;P6555717445734582767;Red Bull Ring;
0.0;James;Roche;Am/reserve;87.0;Aston Martin Vantage V8 2019;20.0;35.0;23.946;42.759;30.396;01:37.626;97626.0;01:37.101;56:56.910;2025-07-13;M2535428335198107;Red Bull Ring;
0.0;Linden;Hill;Silver;16.0;Bentley Continental GT3 2018;8.0;19.0;23.46;41.01;29.152;01:33.892;93892.0;01:33.622;29:43.948;2025-07-13;M2533274805889819;Red Bull Ring;
0.0;Rey;Sabio Jr;Silver;144.0;Ferrari 296 GT3;32.0;19.0;23.865;41.88;30.213;01:36.090;96090.0;01:35.958;30:25.710;2025-07-13;M2535464171877570;Red Bull Ring;
0.0;;FebrePT;Am/reserve;51.0;Ferrari 296 GT3;32.0;18.0;24.0;41.555;29.957;01:35.715;95715.0;01:35.512;28:42.870;2025-07-13;M2535432740391477;Red Bull Ring;
0.0;Mark;Stapely;Silver;142.0;McLaren 720S GT3 Evo;35.0;9.0;23.897;41.677;30.047;01:36.070;96070.0;01:35.621;14:24.630;2025-07-13;M2533274804293173;Red Bull Ring;
0.0;Andrew;Mcvittie;Pro;116.0;Aston Martin Vantage V8 2019;20.0;8.0;23.567;41.357;29.55;01:34.600;94600.0;01:34.474;12:36.800;2025-07-13;M2533274896948119;Red Bull Ring;
0.0;;AMS DR1VE;Am/reserve;33.0;Ginetta G55 GT4;56.0;21.0;36.75;41.237;37.797;01:55.917;115917.0;01:55.784;40:34.257;2025-05-14;M2535459005860319;Snetterton;
0.0;;BadBen80;Pro;80.0;Ginetta G55 GT4;56.0;21.0;36.895;41.542;37.965;01:56.502;116502.0;01:56.402;40:46.542;2025-05-14;M2562092466593675;Snetterton;
0.0;;EQR Apex;Unknown;53.0;Ginetta G55 GT4;56.0;21.0;36.921;41.244;37.971;01:56.277;116277.0;01:56.136;40:41.817;2025-05-14;M2535440311354763;Snetterton;
0.0;;Tos F;Unknown;747.0;Ginetta G55 GT4;56.0;21.0;36.94;41.56;37.947;01:56.710;116710.0;01:56.447;40:50.910;2025-05-14;M2533274825104371;Snetterton;
0.0;;Imagine Sphax;Pro;24.0;Ginetta G55 GT4;56.0;21.0;37.305;41.679;38.142;01:57.384;117384.0;01:57.126;41:05.064;2025-05-14;M2533274876472342;Snetterton;
0.0;;dmoney69812;Am/reserve;15.0;Ginetta G55 GT4;56.0;21.0;37.02;41.607;38.499;01:57.663;117663.0;01:57.126;41:10.923;2025-05-14;M2533274853814129;Snetterton;
0.0;;bmatthew717;Unknown;42.0;Ginetta G55 GT4;56.0;21.0;37.044;41.544;38.082;01:57.039;117039.0;01:56.670;40:57.819;2025-05-14;M2535456990131789;Snetterton;
0.0;;Racingrich#2732;Am/reserve;89.0;Ginetta G55 GT4;56.0;21.0;37.107;41.898;38.454;01:57.906;117906.0;01:57.459;41:16.026;2025-05-14;M2535454029768367;Snetterton;
0.0;;T1GZ81Honda;Am/reserve;23.0;Ginetta G55 GT4;56.0;21.0;37.251;42.216;39.024;01:59.094;119094.0;01:58.491;41:40.974;2025-05-14;M2535421862963748;Snetterton;
0.0;;KingWise76;Silver;144.0;Ginetta G55 GT4;56.0;21.0;37.515;41.862;38.619;01:58.506;118506.0;01:57.996;41:28.626;2025-05-14;M2535464171877570;Snetterton;
0.0;;J0N G10;Pro;10.0;Ginetta G55 GT4;56.0;21.0;37.314;41.943;38.373;01:57.780;117780.0;01:57.630;41:13.380;2025-05-14;M2533274803882798;Snetterton;
0.0;;Thebadden#6350;Am/reserve;260.0;Ginetta G55 GT4;56.0;21.0;37.302;41.781;38.841;01:58.701;118701.0;01:57.924;41:32.721;2025-05-14;M2535468859834853;Snetterton;
0.0;;draco#4301;Unknown;425.0;Ginetta G55 GT4;56.0;20.0;37.866;42.228;39.363;01:59.457;119457.0;01:59.457;39:49.140;2025-05-14;M2535417491686551;Snetterton;
0.0;;BoAPrawnStar;Pro;88.0;Ginetta G55 GT4;56.0;11.0;37.247;41.72;38.572;01:57.982;117982.0;01:57.539;21:37.802;2025-05-14;M2535426324983035;Snetterton;
0.0;;Dr Flexi Jerkov;Silver;16.0;Ginetta G55 GT4;56.0;7.0;36.982;41.495;37.975;01:56.630;116630.0;01:56.452;13:36.410;2025-05-14;M2533274805889819;Snetterton;
0.0;;BadBen80;Pro;80.0;Ginetta G55 GT4;56.0;12.0;36.46;37.542;25.752;01:39.982;99982.0;01:39.754;19:59.784;2025-06-18;M2562092466593675;Valencia;
0.0;;DR1VE#4787;Am/reserve;33.0;Ginetta G55 GT4;56.0;12.0;36.26;37.642;25.952;01:40.190;100190.0;01:39.854;20:02.280;2025-06-18;M2535459005860319;Valencia;
0.0;;EQR Apex;Unknown;53.0;Ginetta G55 GT4;56.0;12.0;36.192;37.716;25.791;01:39.840;99840.0;01:39.699;19:58.080;2025-06-18;M2535440311354763;Valencia;
0.0;;Imagine Sphax;Pro;23.0;Ginetta G55 GT4;56.0;12.0;36.573;37.989;25.962;01:40.539;100539.0;01:40.524;20:06.468;2025-06-18;M2533274876472342;Valencia;
0.0;;Racingrich#2732;Am/reserve;89.0;Ginetta G55 GT4;56.0;12.0;36.705;38.088;26.097;01:41.016;101016.0;01:40.890;20:12.192;2025-06-18;M2535454029768367;Valencia;
0.0;;TAAT GUNA;Unknown;201.0;Ginetta G55 GT4;56.0;12.0;36.58;37.907;25.812;01:40.630;100630.0;01:40.299;20:07.560;2025-06-18;M2533274817407265;Valencia;
0.0;;BoA Diamond;Pro;4.0;Ginetta G55 GT4;56.0;12.0;37.401;38.475;26.172;01:42.309;102309.0;01:42.048;20:27.708;2025-06-18;M2533274963284096;Valencia;
0.0;;KingWise76;Silver;144.0;Ginetta G55 GT4;56.0;12.0;36.951;38.31;26.145;01:41.727;101727.0;01:41.406;20:20.724;2025-06-18;M2535464171877570;Valencia;
0.0;;NeonBulleTz;Am/reserve;1.0;Ginetta G55 GT4;56.0;12.0;37.687;38.67;26.157;01:42.775;102775.0;01:42.514;20:33.300;2025-06-18;P6555717445734582767;Valencia;
0.0;;bmatthew717;Unknown;42.0;Ginetta G55 GT4;56.0;12.0;36.645;38.196;25.953;01:40.794;100794.0;01:40.794;20:09.528;2025-06-18;M2535456990131789;Valencia;
0.0;;Thebadden#6350;Am/reserve;260.0;Ginetta G55 GT4;56.0;12.0;37.35;38.487;26.52;01:42.474;102474.0;01:42.357;20:29.688;2025-06-18;M2535468859834853;Valencia;
0.0;;T1GZ81Honda;Am/reserve;24.0;Ginetta G55 GT4;56.0;12.0;37.545;38.538;26.451;01:42.933;102933.0;01:42.534;20:35.196;2025-06-18;M2535421862963748;Valencia;
0.0;;LCS Ginge;Am/reserve;87.0;Ginetta G55 GT4;56.0;12.0;37.02;38.703;26.526;01:42.249;102249.0;01:42.249;20:26.988;2025-06-18;M2535428335198107;Valencia;
0.0;;MattChow69;Am/reserve;15.0;Ginetta G55 GT4;56.0;8.0;37.71;38.709;27.234;01:44.094;104094.0;01:43.653;13:52.752;2025-06-18;M2535457981610431;Valencia;
0.0;;J0N G10;Pro;10.0;Ginetta G55 GT4;56.0;0.0;2147483.647;2147483.647;2147483.647;35791:23.647;2147483647.0;107374:10.941;;2025-06-18;M2533274803882798;Valencia;
0.0;;jesperb01;Am/reserve;16.0;Ginetta G55 GT4;56.0;0.0;2147483.647;2147483.647;2147483.647;35791:23.647;2147483647.0;107374:10.941;;2025-06-18;M2535465743812802;Valencia;
0.0;;DR1VE#4787;Am/reserve;33.0;Ginetta G55 GT4;56.0;23.0;33.947;35.617;34.277;01:43.860;103860.0;01:43.841;39:48.780;2025-06-04;M2535459005860319;Zandvoort;
0.0;;BadBen80;Pro;80.0;Ginetta G55 GT4;56.0;23.0;34.095;35.735;34.425;01:44.345;104345.0;01:44.255;39:59.935;2025-06-04;M2562092466593675;Zandvoort;
0.0;;Imagine Sphax;Pro;23.0;Ginetta G55 GT4;56.0;23.0;34.125;35.82;34.68;01:44.757;104757.0;01:44.625;40:09.411;2025-06-04;M2533274876472342;Zandvoort;
0.0;;Y2004DTI;Am/reserve;550.0;Ginetta G55 GT4;56.0;23.0;34.035;35.61;34.515;01:44.310;104310.0;01:44.160;39:59.130;2025-06-04;M2535428245246604;Zandvoort;
0.0;;bmatthew717;Unknown;42.0;Ginetta G55 GT4;56.0;23.0;34.059;35.715;34.428;01:44.268;104268.0;01:44.202;39:58.164;2025-06-04;M2535456990131789;Zandvoort;
0.0;;Tos F;Unknown;747.0;Ginetta G55 GT4;56.0;23.0;34.142;35.842;34.602;01:44.912;104912.0;01:44.586;40:12.976;2025-06-04;M2533274825104371;Zandvoort;
0.0;;TAAT GUNA;Unknown;201.0;Ginetta G55 GT4;56.0;23.0;34.165;35.992;34.605;01:44.950;104950.0;01:44.762;40:13.850;2025-06-04;M2533274817407265;Zandvoort;
0.0;;CHEWBACCA 3110;Silver;7.0;Ginetta G55 GT4;56.0;23.0;34.152;35.997;34.655;01:45.415;105415.0;01:44.804;40:24.545;2025-06-04;M2533274934545075;Zandvoort;
0.0;;BoAPrawnStar;Pro;88.0;Ginetta G55 GT4;56.0;23.0;34.472;36.052;34.705;01:45.335;105335.0;01:45.229;40:22.705;2025-06-04;M2535426324983035;Zandvoort;
0.0;;Racingrich#2732;Am/reserve;89.0;Ginetta G55 GT4;56.0;23.0;34.356;36.192;34.875;01:45.864;105864.0;01:45.423;40:34.872;2025-06-04;M2535454029768367;Zandvoort;
0.0;;Thebadden#6350;Am/reserve;260.0;Ginetta G55 GT4;56.0;23.0;34.551;36.168;34.86;01:46.074;106074.0;01:45.579;40:39.702;2025-06-04;M2535468859834853;Zandvoort;
0.0;;T1GZ81Honda;Am/reserve;24.0;Ginetta G55 GT4;56.0;22.0;34.887;36.558;34.998;01:46.743;106743.0;01:46.443;39:08.346;2025-06-04;M2535421862963748;Zandvoort;
0.0;;The_Duke_Fleed;Unknown;15.0;Ginetta G55 GT4;56.0;4.0;35.04;37.645;36.075;01:48.760;108760.0;01:48.760;07:15.040;2025-06-04;P4614911871784324097;Zandvoort;
0.0;;EQR Apex;Unknown;53.0;Ginetta G55 GT4;56.0;1.0;2147483.647;2147483.647;2147483.647;35791:23.647;2147483647.0;107374:10.941;35791:23.647;2025-06-04;M2535440311354763;Zandvoort;
0.0;;KingWise76;Silver;144.0;Ginetta G55 GT4;56.0;0.0;2147483.647;2147483.647;2147483.647;35791:23.647;2147483647.0;107374:10.941;;2025-06-04;M2535464171877570;Zandvoort;
0.0;;J0N G10;Pro;10.0;Ginetta G55 GT4;56.0;0.0;2147483.647;2147483.647;2147483.647;35791:23.647;2147483647.0;107374:10.941;;2025-06-04;M2533274803882798;Zandvoort;
0.0;;DR1VE#4787;Am/reserve;33.0;Ginetta G55 GT4;56.0;13.0;33.172;31.167;31.892;01:36.687;96687.0;01:36.231;20:56.931;2025-06-18;M2535459005860319;Zolder;
0.0;;BadBen80;Pro;80.0;Ginetta G55 GT4;56.0;13.0;33.225;31.31;32.115;01:36.925;96925.0;01:36.650;21:00.025;2025-06-18;M2562092466593675;Zolder;
0.0;;Imagine Sphax;Pro;23.0;Ginetta G55 GT4;56.0;13.0;33.336;31.323;32.262;01:37.248;97248.0;01:36.921;21:04.224;2025-06-18;M2533274876472342;Zolder;
0.0;;TAAT GUNA;Unknown;201.0;Ginetta G55 GT4;56.0;13.0;33.307;31.522;32.172;01:37.322;97322.0;01:37.001;21:05.186;2025-06-18;M2533274817407265;Zolder;
0.0;;BoAPrawnStar;Pro;88.0;Ginetta G55 GT4;56.0;13.0;33.802;32.235;32.802;01:38.907;98907.0;01:38.839;21:25.791;2025-06-18;M2535426324983035;Zolder;
0.0;;EQR Apex;Unknown;53.0;Ginetta G55 GT4;56.0;13.0;33.984;32.079;32.874;01:38.976;98976.0;01:38.937;21:26.688;2025-06-18;M2535440311354763;Zolder;
0.0;;BoA Diamond;Pro;4.0;Ginetta G55 GT4;56.0;13.0;34.05;31.779;32.667;01:38.700;98700.0;01:38.496;21:23.100;2025-06-18;M2533274963284096;Zolder;
0.0;;Racingrich#2732;Am/reserve;89.0;Ginetta G55 GT4;56.0;13.0;33.822;32.109;32.868;01:39.132;99132.0;01:38.799;21:28.716;2025-06-18;M2535454029768367;Zolder;
0.0;;J0N G10;Pro;10.0;Ginetta G55 GT4;56.0;13.0;33.825;31.977;32.7;01:38.625;98625.0;01:38.502;21:22.125;2025-06-18;M2533274803882798;Zolder;
0.0;;Thebadden#6350;Am/reserve;261.0;Ginetta G55 GT4;56.0;13.0;33.858;32.052;32.637;01:38.547;98547.0;01:38.547;21:21.111;2025-06-18;M2535468859834853;Zolder;
0.0;;LCS Ginge;Am/reserve;87.0;Ginetta G55 GT4;56.0;13.0;33.948;32.58;33.417;01:39.960;99960.0;01:39.945;21:39.480;2025-06-18;M2535428335198107;Zolder;
0.0;;MattChow69;Am/reserve;15.0;Ginetta G55 GT4;56.0;13.0;33.963;32.16;33.201;01:39.432;99432.0;01:39.324;21:32.616;2025-06-18;M2535457981610431;Zolder;
0.0;;KingWise76;Silver;144.0;Ginetta G55 GT4;56.0;13.0;34.038;32.553;32.556;01:39.606;99606.0;01:39.147;21:34.878;2025-06-18;M2535464171877570;Zolder;
0.0;;NeonBulleTz;Am/reserve;1.0;Ginetta G55 GT4;56.0;13.0;34.265;33.045;32.97;01:41.082;101082.0;01:40.280;21:54.066;2025-06-18;P6555717445734582767;Zolder;
0.0;;T1GZ81Honda;Am/reserve;24.0;Ginetta G55 GT4;56.0;12.0;34.095;32.604;32.778;01:39.702;99702.0;01:39.477;19:56.424;2025-06-18;M2535421862963748;Zolder;
0.0;;jesperb01;Am/reserve;16.0;Ginetta G55 GT4;56.0;11.0;33.738;32.052;32.754;01:38.667;98667.0;01:38.544;18:05.337;2025-06-18;M2535465743812802;Zolder;
0.0;;bmatthew717;Unknown;42.0;Ginetta G55 GT4;56.0;1.0;2147483.647;2147483.647;2147483.647;35791:23.647;2147483647.0;107374:10.941;35791:23.647;2025-06-18;M2535456990131789;Zolder;
0.0;;dmoney69812;Am/reserve;777.0;Ginetta G55 GT4;56.0;0.0;2147483.647;2147483.647;2147483.647;35791:23.647;2147483647.0;107374:10.941;;2025-06-18;M2533274853814129;Zolder;
0.0;;Tos F;Unknown;747.0;Ginetta G55 GT4;56.0;0.0;2147483.647;2147483.647;2147483.647;35791:23.647;2147483647.0;107374:10.941;;2025-06-18;M2533274825104371;Zolder;
