Place;FirstName;LastName;Class;Car Number;Car;Car Model;Laps;Best S1;Best S2;Best S3;Best lap;Best lap (ms);Ideal Best lap;Total Race Time;Lap Date;SteamId;Conditions
0;;ChrisP63#3590;Unknown;800;BMW M4 GT3 2022;26;4;43.565;65.832;39.587;02:28.985;148985;02:28.984;09:55.940;2025-02-17;M2533274799901907;Wet
0;;ChrisP63#3590;Unknown;800;BMW M4 GT3 2022;26;3;44.882;68.105;40.827;02:34.207;154207;02:33.814;07:42.621;2025-02-17;M2533274799901907;Wet
0;;ChrisP63#3590;Unknown;800;BMW M4 GT3 2022;26;5;45.847;70.507;42.390;02:38.997;158997;02:38.744;13:14.985;2025-02-17;M2533274799901907;Wet
0;;DeeZleUK;Unknown;801;BMW M4 GT3 2022;26;6;42.905;63.310;38.077;02:24.322;144322;02:24.292;14:25.932;2025-02-18;M2553380145898144;Dry
0;;Dr Flexi Jerkov;Silver;16;McLaren 720S GT3 Evo;35;0;2147483.647;2147483.647;2147483.647;35791:23.647;2147483647;107374:10.941;;2025-02-18;M2533274805889819;Dry
0;;Dr Flexi Jerkov;Silver;16;McLaren 720S GT3 Evo;35;0;2147483.647;2147483.647;2147483.647;35791:23.647;2147483647;107374:10.941;;2025-02-18;M2533274805889819;Wet
0;;WekFest81;Am/reserve;44;Porsche 992 GT3 R;34;6;41.232;62.572;37.240;02:21.200;141200;02:21.044;14:07.200;2025-02-18;M2535450693182151;Dry
0;;ChrisP63#3590;Unknown;800;BMW M4 GT3 2022;26;0;2147483.647;2147483.647;2147483.647;35791:23.647;2147483647;107374:10.941;;2025-02-18;M2533274799901907;Dry
0;;Dr Flexi Jerkov;Silver;16;McLaren 720S GT3 Evo;35;0;2147483.647;2147483.647;2147483.647;35791:23.647;2147483647;107374:10.941;;2025-02-18;M2533274805889819;Dry
0;;Mint Memes;Unknown;66;McLaren 720S GT3 Evo;35;2;42.837;65.202;39.340;02:27.380;147380;02:27.379;04:54.760;2025-02-18;M2535406528932198;Wet
0;;SCRAPPER 2000;Pro;807;Ferrari 296 GT3;32;4;41.045;62.455;37.135;02:20.860;140860;02:20.635;09:23.440;2025-02-19;M2533274796566438;Dry
0;;GameChanger005;Unknown;666;McLaren 720S GT3 Evo;35;0;2147483.647;2147483.647;2147483.647;35791:23.647;2147483647;107374:10.941;;2025-02-19;M2535425231317196;Dry
0;;GameChanger005;Unknown;666;McLaren 720S GT3 Evo;35;0;2147483.647;2147483.647;2147483.647;35791:23.647;2147483647;107374:10.941;;2025-02-19;M2535425231317196;Dry
0;;GameChanger005;Unknown;666;McLaren 720S GT3 Evo;35;0;2147483.647;2147483.647;2147483.647;35791:23.647;2147483647;107374:10.941;;2025-02-19;M2535425231317196;Wet
0;;GameChanger005;Unknown;666;McLaren 720S GT3 Evo;35;11;40.985;61.155;36.970;02:19.290;139290;02:19.110;25:32.190;2025-02-19;M2535425231317196;Wet
0;;GameChanger005;Unknown;666;McLaren 720S GT3 Evo;35;4;40.825;61.077;36.717;02:18.670;138670;02:18.619;09:14.680;2025-02-19;M2535425231317196;Dry
0;;Mint Memes;Unknown;66;McLaren 720S GT3 Evo;35;9;40.822;61.155;36.587;02:18.692;138692;02:18.564;20:48.228;2025-02-19;M2535406528932198;Dry
0;;GameChanger005;Unknown;666;McLaren 720S GT3 Evo;35;4;40.935;60.937;36.705;02:18.732;138732;02:18.577;09:14.928;2025-02-19;M2535425231317196;Dry
0;;BaysideSnake1;Am/reserve;888;Porsche 992 GT3 R;34;6;41.572;63.105;37.037;02:22.240;142240;02:21.714;14:13.440;2025-02-19;M2533274968067271;Dry
0;;ChrisP63#3590;Unknown;800;BMW M4 GT3 2022;26;0;2147483.647;2147483.647;2147483.647;35791:23.647;2147483647;107374:10.941;;2025-02-20;M2533274799901907;Dry
0;;ChrisP63#3590;Unknown;800;BMW M4 GT3 2022;26;5;44.530;68.515;40.607;02:33.735;153735;02:33.652;12:48.675;2025-02-20;M2533274799901907;Wet
0;;KinGKer#5147;Unknown;112;McLaren 720S GT3 Evo;35;9;41.725;63.170;37.485;02:22.380;142380;02:22.380;21:21.420;2025-02-20;M2533275015522870;Dry
0;;BaysideSnake1;Am/reserve;888;Porsche 992 GT3 R;34;13;41.935;64.695;37.780;02:24.410;144410;02:24.410;31:17.330;2025-02-20;M2533274968067271;Dry
0;;BRC MotoKris;Unknown;111;McLaren 720S GT3 Evo;35;12;42.350;63.730;38.550;02:24.630;144630;02:24.630;28:55.560;2025-02-20;M2535470063557459;Dry
0;;ChrisP63#3590;Unknown;800;BMW M4 GT3 2022;26;3;42.745;65.205;38.525;02:26.475;146475;02:26.475;07:19.425;2025-02-20;M2533274799901907;Dry
0;;stardogbarklar;Unknown;741;Ferrari 296 GT3;32;0;2147483.647;2147483.647;2147483.647;35791:23.647;2147483647;107374:10.941;;2025-02-21;M2535446743928230;Dry
0;;KinGKer#5147;Unknown;112;McLaren 720S GT3 Evo;35;3;41.297;63.072;37.097;02:21.660;141660;02:21.466;07:04.980;2025-02-21;M2533275015522870;Dry
0;;WekFest81;Am/reserve;44;Porsche 992 GT3 R;34;0;2147483.647;2147483.647;2147483.647;35791:23.647;2147483647;107374:10.941;;2025-02-21;M2535450693182151;Dry
0;;Adzinski82;Unknown;30;Honda NSX GT3;17;0;2147483.647;2147483.647;2147483.647;35791:23.647;2147483647;107374:10.941;;2025-02-21;M2533274802804598;Dry
0;;Adzinski82;Unknown;75;Ferrari 296 GT3;32;0;2147483.647;2147483.647;2147483.647;35791:23.647;2147483647;107374:10.941;;2025-02-21;M2533274802804598;Dry
0;;Adzinski82;Unknown;21;Ferrari 296 GT3;32;0;2147483.647;2147483.647;2147483.647;35791:23.647;2147483647;107374:10.941;;2025-02-21;M2533274802804598;Wet
0;;Adzinski82;Unknown;807;Ferrari 296 GT3;32;0;2147483.647;2147483.647;2147483.647;35791:23.647;2147483647;107374:10.941;;2025-02-21;M2533274802804598;Dry
0;;Adzinski82;Unknown;807;Ferrari 296 GT3;32;0;2147483.647;2147483.647;2147483.647;35791:23.647;2147483647;107374:10.941;;2025-02-21;M2533274802804598;Dry
0;;BoA Diamond;Pro;1;Ferrari 296 GT3;32;3;42.039;64.152;37.260;02:23.451;143451;02:23.451;07:10.353;2025-02-22;M2533274963284096;Dry
0;;GameChanger005;Unknown;58;Ferrari 296 GT3;32;0;2147483.647;2147483.647;2147483.647;35791:23.647;2147483647;107374:10.941;;2025-02-22;M2535425231317196;Wet
0;;Imagine Sphax;Pro;23;Ferrari 296 GT3;32;2;40.902;60.870;36.825;02:18.684;138684;02:18.597;04:37.368;2025-02-22;M2533274876472342;Dry
0;;GameChanger005;Unknown;58;Ferrari 296 GT3;32;21;40.917;61.080;36.612;02:18.732;138732;02:18.609;48:33.372;2025-02-22;M2535425231317196;Dry
0;;ANM VIRZIO;Unknown;6;Ferrari 296 GT3;32;5;41.016;60.951;36.717;02:18.957;138957;02:18.684;11:34.785;2025-02-22;M2535415068381608;Dry
0;;Adzinski82;Unknown;807;Ferrari 296 GT3;32;0;2147483.647;2147483.647;2147483.647;35791:23.647;2147483647;107374:10.941;;2025-02-22;M2533274802804598;Dry
0;;Imagine Sphax;Pro;23;Ferrari 296 GT3;32;5;40.815;60.900;36.645;02:18.516;138516;02:18.360;11:32.580;2025-02-22;M2533274876472342;Dry
0;;Adzinski82;Unknown;807;Ferrari 296 GT3;32;7;40.970;61.422;36.902;02:19.460;139460;02:19.294;16:16.220;2025-02-22;M2533274802804598;Dry
0;;ChrisP63#3590;Unknown;800;BMW M4 GT3 2022;26;0;2147483.647;2147483.647;2147483.647;35791:23.647;2147483647;107374:10.941;;2025-02-22;M2533274799901907;Dry
0;;Adzinski82;Unknown;807;Ferrari 296 GT3;32;0;2147483.647;2147483.647;2147483.647;35791:23.647;2147483647;107374:10.941;;2025-02-22;M2533274802804598;Dry
0;;Adzinski82;Unknown;807;Ferrari 296 GT3;32;4;41.320;61.470;36.585;02:19.375;139375;02:19.375;09:17.500;2025-02-22;M2533274802804598;Dry
0;;ChrisP63#3590;Unknown;800;BMW M4 GT3 2022;26;8;42.115;64.305;38.342;02:25.190;145190;02:24.762;19:21.520;2025-02-22;M2533274799901907;Wet
0;;ChrisP63#3590;Unknown;800;BMW M4 GT3 2022;26;0;2147483.647;2147483.647;2147483.647;35791:23.647;2147483647;107374:10.941;;2025-02-22;M2533274799901907;Dry
0;;Mint Memes;Unknown;66;Mercedes AMG GT3 2020;25;2;41.277;61.340;36.660;02:19.277;139277;02:19.277;04:38.554;2025-02-22;M2535406528932198;Dry
0;;ToastyTexas9#841;Unknown;67;Mercedes AMG GT3 2020;25;4;41.262;62.295;37.020;02:20.702;140702;02:20.577;09:22.808;2025-02-22;M2535431063808166;Dry
0;;Mint Memes;Unknown;66;Bentley Continental GT3 2018;8;5;40.937;60.770;36.570;02:18.575;138575;02:18.277;11:32.875;2025-02-23;M2535406528932198;Dry
0;;SCRAPPER 2000;Pro;807;Ferrari 296 GT3;32;10;40.897;61.575;36.465;02:18.937;138937;02:18.937;23:09.370;2025-02-23;M2533274796566438;Dry
0;;MODERNDAYC0WB0Y;Unknown;2;Aston Martin Vantage V8 2019;20;30;41.077;61.420;36.407;02:19.342;139342;02:18.904;69:40.260;2025-02-23;M2535410913455645;Dry
0;;ToastyTexas9#841;Unknown;67;Bentley Continental GT3 2018;8;4;41.235;61.447;36.900;02:19.660;139660;02:19.582;09:18.640;2025-02-23;M2535431063808166;Dry
0;;GameChanger005;Unknown;58;Ferrari 296 GT3;32;12;40.735;60.285;36.330;02:17.430;137430;02:17.350;27:29.160;2025-02-23;M2535425231317196;Dry
0;;Dr Flexi Jerkov;Silver;747;McLaren 720S GT3 Evo;35;13;40.370;60.730;36.457;02:17.845;137845;02:17.557;29:51.985;2025-02-23;M2533274805889819;Dry
0;;ANT MCVITTIE;Pro;116;Aston Martin Vantage V8 2019;20;3;40.962;60.487;36.472;02:18.127;138127;02:17.921;06:54.381;2025-02-23;M2533274896948119;Dry
0;;Adzinski82;Unknown;807;Ferrari 296 GT3;32;9;40.817;61.090;36.592;02:18.580;138580;02:18.499;20:47.220;2025-02-23;M2533274802804598;Dry
0;;ping22587;Am/reserve;992;Porsche 992 GT3 R;34;5;40.773;61.335;36.477;02:18.699;138699;02:18.585;11:33.495;2025-02-23;M2535430534227760;Dry
0;;Imagine Sphax;Pro;23;Ferrari 296 GT3;32;1;41.085;61.017;36.858;02:18.960;138960;02:18.960;02:18.960;2025-02-23;M2533274876472342;Dry
0;;ToastyTexas9#841;Unknown;67;Bentley Continental GT3 2018;8;10;40.897;61.320;36.725;02:19.035;139035;02:18.942;23:10.350;2025-02-23;M2535431063808166;Dry
0;;KinGKer#5147;Unknown;112;McLaren 720S GT3 Evo;35;9;41.120;61.445;36.685;02:19.250;139250;02:19.250;20:53.250;2025-02-23;M2533275015522870;Dry
0;;Racingrich#2732;Am/reserve;89;Ferrari 296 GT3;32;6;40.797;61.884;36.618;02:19.371;139371;02:19.299;13:56.226;2025-02-23;M2535454029768367;Dry
0;;WekFest81;Am/reserve;81;McLaren 720S GT3 Evo;35;6;40.722;61.797;36.647;02:19.430;139430;02:19.166;13:56.580;2025-02-23;M2535450693182151;Dry
0;;SCRAPPER 2000;Pro;808;Ferrari 296 GT3;32;11;41.215;61.887;36.705;02:20.032;140032;02:19.807;25:40.352;2025-02-23;M2533274796566438;Dry
0;;Biggreenman4;Unknown;42;Ferrari 296 GT3;32;4;41.049;61.632;36.930;02:20.058;140058;02:19.611;09:20.232;2025-02-23;M2535429964314036;Dry
0;;ANM VIRZIO;Unknown;6;Ferrari 296 GT3;32;4;41.226;61.833;36.831;02:20.553;140553;02:19.890;09:22.212;2025-02-23;M2535415068381608;Dry
0;;PROTODANMANX;Unknown;801;Ferrari 296 GT3;32;13;41.260;61.800;37.072;02:20.567;140567;02:20.132;30:27.371;2025-02-23;M2533274857411224;Dry
0;;InocentPredator;Pro;13;Aston Martin Vantage V8 2019;20;15;41.145;62.495;37.035;02:20.697;140697;02:20.675;35:10.455;2025-02-23;M2533274809212122;Dry
0;;Quincey48;Unknown;48;BMW M4 GT3 2022;26;6;41.272;62.285;37.315;02:20.912;140912;02:20.872;14:05.472;2025-02-23;M2533274804986799;Dry
0;;BoA Diamond;Pro;1;Ferrari 296 GT3;32;7;41.250;62.670;37.074;02:21.108;141108;02:20.994;16:27.756;2025-02-23;M2533274963284096;Dry
0;;Thebadden#6350;Am/reserve;260;BMW M4 GT3 2022;26;14;41.124;62.703;37.284;02:21.273;141273;02:21.111;32:57.822;2025-02-23;M2535468859834853;Dry
0;;Betto2010;Unknown;76;BMW M4 GT3 2022;26;4;41.287;62.927;37.645;02:21.860;141860;02:21.859;09:27.440;2025-02-23;M2533274822403631;Dry
0;;ItzJelmer;Unknown;113;McLaren 720S GT3 Evo;35;8;41.450;63.022;37.432;02:21.905;141905;02:21.904;18:55.240;2025-02-23;M2535457066609616;Dry
0;;BRC MotoKris;Unknown;111;McLaren 720S GT3 Evo;35;3;42.115;62.592;37.305;02:22.012;142012;02:22.012;07:06.036;2025-02-23;M2535470063557459;Dry
0;;ChrisP63#3590;Unknown;800;BMW M4 GT3 2022;26;4;42.002;63.787;38.172;02:24.332;144332;02:23.961;09:37.328;2025-02-23;M2533274799901907;Dry
0;;DeeZleUK;Unknown;802;BMW M4 GT3 2022;26;1;43.510;63.737;38.347;02:25.595;145595;02:25.594;02:25.595;2025-02-23;M2553380145898144;Dry
0;;BoAPrawnStar;Pro;88;McLaren 720S GT3 Evo;35;0;2147483.647;2147483.647;2147483.647;35791:23.647;2147483647;107374:10.941;;2025-02-23;M2535426324983035;Dry
0;;Skenoooo;Unknown;7;Aston Martin Vantage V8 2019;20;0;2147483.647;2147483.647;2147483.647;35791:23.647;2147483647;107374:10.941;;2025-02-23;M2535421178710074;Dry
0;;Mint Memes;Unknown;66;Bentley Continental GT3 2018;8;0;2147483.647;2147483.647;2147483.647;35791:23.647;2147483647;107374:10.941;;2025-02-23;M2535406528932198;Dry
0;;GameChanger005;Unknown;58;Ferrari 296 GT3;32;8;40.702;60.202;36.397;02:17.355;137355;02:17.301;18:18.840;2025-02-23;M2535425231317196;Dry
0;;Dr Flexi Jerkov;Silver;747;McLaren 720S GT3 Evo;35;10;40.452;60.837;36.460;02:17.875;137875;02:17.749;22:58.750;2025-02-23;M2533274805889819;Dry
0;;Imagine Sphax;Pro;23;Ferrari 296 GT3;32;9;40.818;60.528;36.426;02:17.889;137889;02:17.772;20:41.001;2025-02-23;M2533274876472342;Dry
0;;Mint Memes;Unknown;66;Bentley Continental GT3 2018;8;8;40.672;60.900;36.585;02:18.265;138265;02:18.157;18:26.120;2025-02-23;M2535406528932198;Dry
0;;ping22587;Am/reserve;992;Porsche 992 GT3 R;34;8;40.521;61.143;36.465;02:18.294;138294;02:18.129;18:26.352;2025-02-23;M2535430534227760;Dry
0;;ANT MCVITTIE;Pro;116;Aston Martin Vantage V8 2019;20;3;40.730;61.035;36.400;02:18.315;138315;02:18.165;06:54.945;2025-02-23;M2533274896948119;Dry
0;;ANM VIRZIO;Unknown;6;Ferrari 296 GT3;32;11;40.773;60.867;36.522;02:18.588;138588;02:18.162;25:24.468;2025-02-23;M2535415068381608;Dry
0;;Adzinski82;Unknown;807;Ferrari 296 GT3;32;9;40.832;61.232;36.642;02:18.950;138950;02:18.706;20:50.550;2025-02-23;M2533274802804598;Dry
0;;Racingrich#2732;Am/reserve;89;Ferrari 296 GT3;32;5;40.863;61.275;36.780;02:18.951;138951;02:18.918;11:34.755;2025-02-23;M2535454029768367;Dry
0;;Biggreenman4;Unknown;42;Ferrari 296 GT3;32;6;40.878;61.500;36.588;02:19.113;139113;02:18.966;13:54.678;2025-02-23;M2535429964314036;Dry
0;;SCRAPPER 2000;Pro;808;Ferrari 296 GT3;32;8;40.845;61.335;36.765;02:19.180;139180;02:18.945;18:33.440;2025-02-23;M2533274796566438;Dry
0;;ToastyTexas9#841;Unknown;67;Bentley Continental GT3 2018;8;9;41.057;61.202;36.770;02:19.232;139232;02:19.029;20:53.088;2025-02-23;M2535431063808166;Dry
0;;WekFest81;Am/reserve;81;McLaren 720S GT3 Evo;35;6;40.967;61.890;36.677;02:19.645;139645;02:19.534;13:57.870;2025-02-23;M2535450693182151;Dry
0;;ItzJelmer;Unknown;113;McLaren 720S GT3 Evo;35;6;41.040;61.700;36.980;02:19.720;139720;02:19.720;13:58.320;2025-02-23;M2535457066609616;Dry
0;;Thebadden#6350;Am/reserve;260;BMW M4 GT3 2022;26;7;40.983;62.079;36.618;02:19.941;139941;02:19.680;16:19.587;2025-02-23;M2535468859834853;Dry
0;;InocentPredator;Pro;13;Aston Martin Vantage V8 2019;20;7;40.932;61.997;36.882;02:19.945;139945;02:19.811;16:19.615;2025-02-23;M2533274809212122;Dry
0;;BRC MotoKris;Unknown;111;McLaren 720S GT3 Evo;35;8;41.310;61.872;36.847;02:20.030;140030;02:20.029;18:40.240;2025-02-23;M2535470063557459;Dry
0;;PROTODANMANX;Unknown;801;Ferrari 296 GT3;32;5;41.232;61.872;36.837;02:20.085;140085;02:19.941;11:40.425;2025-02-23;M2533274857411224;Dry
0;;Quincey48;Unknown;48;BMW M4 GT3 2022;26;4;40.832;62.050;37.055;02:20.235;140235;02:19.937;09:20.940;2025-02-23;M2533274804986799;Dry
0;;BoA Diamond;Pro;1;Ferrari 296 GT3;32;4;40.899;62.238;36.714;02:20.274;140274;02:19.851;09:21.096;2025-02-23;M2533274963284096;Dry
0;;KinGKer#5147;Unknown;112;McLaren 720S GT3 Evo;35;4;41.270;62.160;37.077;02:20.507;140507;02:20.507;09:22.028;2025-02-23;M2533275015522870;Dry
0;;KingWise76;Silver;144;Ferrari 296 GT3;32;1;41.793;62.148;37.047;02:20.988;140988;02:20.988;02:20.988;2025-02-23;M2535464171877570;Dry
0;;Betto2010;Unknown;76;BMW M4 GT3 2022;26;1;41.517;62.392;37.467;02:21.377;141377;02:21.376;02:21.377;2025-02-23;M2533274822403631;Dry
0;;ChrisP63#3590;Unknown;800;BMW M4 GT3 2022;26;4;41.745;63.037;37.945;02:22.805;142805;02:22.727;09:31.220;2025-02-23;M2533274799901907;Dry
0;;DeeZleUK;Unknown;802;BMW M4 GT3 2022;26;6;42.660;62.965;38.530;02:24.382;144382;02:24.155;14:26.292;2025-02-23;M2553380145898144;Dry
0;;BoAPrawnStar;Pro;88;McLaren 720S GT3 Evo;35;0;2147483.647;2147483.647;2147483.647;35791:23.647;2147483647;107374:10.941;;2025-02-23;M2535426324983035;Dry
0;;Skenoooo;Unknown;7;Aston Martin Vantage V8 2019;20;0;2147483.647;2147483.647;2147483.647;35791:23.647;2147483647;107374:10.941;;2025-02-23;M2535421178710074;Dry
0;;MODERNDAYC0WB0Y;Unknown;2;Aston Martin Vantage V8 2019;20;4;41.175;61.672;36.605;02:19.535;139535;02:19.452;09:18.140;2025-02-23;M2535410913455645;Dry
0;;ping22587;Am/reserve;992;Porsche 992 GT3 R;34;0;2147483.647;2147483.647;2147483.647;35791:23.647;2147483647;107374:10.941;;2025-02-23;M2535430534227760;Dry
0;;ToastyTexas9#841;Unknown;67;Bentley Continental GT3 2018;8;0;2147483.647;2147483.647;2147483.647;35791:23.647;2147483647;107374:10.941;;2025-02-23;M2535431063808166;Dry
0;;InocentPredator;Pro;13;Aston Martin Vantage V8 2019;20;0;2147483.647;2147483.647;2147483.647;35791:23.647;2147483647;107374:10.941;;2025-02-23;M2533274809212122;Dry
0;;Racingrich#2732;Am/reserve;89;Ferrari 296 GT3;32;0;2147483.647;2147483.647;2147483.647;35791:23.647;2147483647;107374:10.941;;2025-02-23;M2535454029768367;Dry
0;;ChrisP63#3590;Unknown;800;BMW M4 GT3 2022;26;0;2147483.647;2147483.647;2147483.647;35791:23.647;2147483647;107374:10.941;;2025-02-23;M2533274799901907;Dry
0;;GameChanger005;Unknown;58;Ferrari 296 GT3;32;0;2147483.647;2147483.647;2147483.647;35791:23.647;2147483647;107374:10.941;;2025-02-23;M2535425231317196;Dry
0;;ANT MCVITTIE;Pro;116;Aston Martin Vantage V8 2019;20;0;2147483.647;2147483.647;2147483.647;35791:23.647;2147483647;107374:10.941;;2025-02-23;M2533274896948119;Dry
0;;Thebadden#6350;Am/reserve;260;BMW M4 GT3 2022;26;0;2147483.647;2147483.647;2147483.647;35791:23.647;2147483647;107374:10.941;;2025-02-23;M2535468859834853;Dry
0;;Quincey48;Unknown;48;BMW M4 GT3 2022;26;0;2147483.647;2147483.647;2147483.647;35791:23.647;2147483647;107374:10.941;;2025-02-23;M2533274804986799;Dry
0;;ANM VIRZIO;Unknown;6;Ferrari 296 GT3;32;0;2147483.647;2147483.647;2147483.647;35791:23.647;2147483647;107374:10.941;;2025-02-23;M2535415068381608;Dry
0;;Imagine Sphax;Pro;23;Ferrari 296 GT3;32;0;2147483.647;2147483.647;2147483.647;35791:23.647;2147483647;107374:10.941;;2025-02-23;M2533274876472342;Dry
0;;Biggreenman4;Unknown;42;Ferrari 296 GT3;32;0;2147483.647;2147483.647;2147483.647;35791:23.647;2147483647;107374:10.941;;2025-02-23;M2535429964314036;Dry
0;;Mint Memes;Unknown;66;Bentley Continental GT3 2018;8;0;2147483.647;2147483.647;2147483.647;35791:23.647;2147483647;107374:10.941;;2025-02-23;M2535406528932198;Dry
0;;DeeZleUK;Unknown;802;BMW M4 GT3 2022;26;0;2147483.647;2147483.647;2147483.647;35791:23.647;2147483647;107374:10.941;;2025-02-23;M2553380145898144;Dry
0;;KingWise76;Silver;144;Ferrari 296 GT3;32;0;2147483.647;2147483.647;2147483.647;35791:23.647;2147483647;107374:10.941;;2025-02-23;M2535464171877570;Dry
0;;Dr Flexi Jerkov;Silver;6;Lamborghini Huracan GT3 Evo 2;33;0;2147483.647;2147483.647;2147483.647;35791:23.647;2147483647;107374:10.941;;2025-08-12;M2533274805889819;Dry
0;;Thebadden#6350;Am/reserve;260;Lamborghini Huracan GT3 Evo 2;33;0;2147483.647;2147483.647;2147483.647;35791:23.647;2147483647;107374:10.941;;2025-08-12;M2535468859834853;Dry
0;;BadBen80;Pro;8;Lamborghini Huracan GT3 Evo 2;33;0;2147483.647;2147483.647;2147483.647;35791:23.647;2147483647;107374:10.941;;2025-08-12;M2562092466593675;Dry
0;;InocentPredator;Pro;720;McLaren 720S GT3 Evo;35;6;20.497;34.852;33.660;01:29.010;89010;01:29.009;08:54.060;2025-08-27;M2533274809212122;Dry
0;;InocentPredator;Pro;63;Lamborghini Huracan GT3 Evo 2;33;5;41.322;62.235;37.062;02:20.877;140877;02:20.619;11:44.385;2025-08-27;M2533274809212122;Dry
0;;InocentPredator;Pro;63;Lamborghini Huracan GT3 Evo 2;33;2;41.270;62.445;37.360;02:21.075;141075;02:21.075;04:42.150;2025-08-27;M2533274809212122;Dry
0;;Thebadden#6350;Am/reserve;260;Ford Mustang GT3;36;0;2147483.647;2147483.647;2147483.647;35791:23.647;2147483647;107374:10.941;;2025-09-07;M2535468859834853;Dry
0;;bmatthew717;Unknown;42;Ferrari 296 GT3;32;3;40.833;60.852;36.441;02:18.231;138231;02:18.126;06:54.693;2025-09-07;M2535456990131789;Dry
0;;Thebadden#6350;Am/reserve;260;Ford Mustang GT3;36;1;41.025;62.298;36.981;02:20.304;140304;02:20.304;02:20.304;2025-09-07;M2535468859834853;Dry
0;;BoA Diamond;Pro;92;Porsche 992 GT3 R;34;0;2147483.647;2147483.647;2147483.647;35791:23.647;2147483647;107374:10.941;;2025-09-07;M2533274963284096;Dry
0;;Thebadden#6350;Am/reserve;260;Ford Mustang GT3;36;2;40.695;62.178;37.071;02:19.944;139944;02:19.944;04:39.888;2025-09-07;M2535468859834853;Dry
0;;bmatthew717;Unknown;42;Ferrari 296 GT3;32;0;2147483.647;2147483.647;2147483.647;35791:23.647;2147483647;107374:10.941;;2025-09-07;M2535456990131789;Dry
0;;BoA Diamond;Pro;92;Porsche 992 GT3 R;34;3;2147483.647;2147483.647;2147483.647;35791:23.647;2147483647;107374:10.941;107374:10.941;2025-09-07;M2533274963284096;Dry
0;;BoAPrawnStar;Pro;100;Ferrari 296 GT3;32;0;2147483.647;2147483.647;2147483.647;35791:23.647;2147483647;107374:10.941;;2025-09-07;M2535426324983035;Dry
0;;BoAPrawnStar;Pro;100;Ferrari 296 GT3;32;13;41.200;61.470;36.940;02:19.617;139617;02:19.610;30:15.021;2025-09-07;M2535426324983035;Dry
0;;Thebadden#6350;Am/reserve;260;Ford Mustang GT3;36;13;41.031;61.536;37.386;02:19.953;139953;02:19.953;30:19.389;2025-09-07;M2535468859834853;Dry
0;;BoA Diamond;Pro;92;Porsche 992 GT3 R;34;10;2147483.647;2147483.647;2147483.647;35791:23.647;2147483647;107374:10.941;357913:56.470;2025-09-07;M2533274963284096;Dry
0;;bmatthew717;Unknown;42;Ferrari 296 GT3;32;10;41.001;61.845;36.969;02:20.013;140013;02:19.815;23:20.130;2025-09-07;M2535456990131789;Dry
0;;T1GZ81Honda;Am/reserve;11;Audi R8 LMS Evo 2;31;0;2147483.647;2147483.647;2147483.647;35791:23.647;2147483647;107374:10.941;;2025-09-07;M2535421862963748;Dry
0;Linden;Hill;Silver;16;Ford Mustang GT3;36;8;40.480;60.977;36.422;02:18.100;138100;02:17.879;18:24.800;2025-10-27;M2533274805889819;Dry
0;Dustin;Hatcher;Am/reserve;777;Ferrari 296 GT3;32;9;40.689;62.007;36.675;02:19.512;139512;02:19.371;20:55.608;2025-10-28;M2533274853814129;Dry
0;Dustin;Hatcher;Am/reserve;777;Ferrari 296 GT3;32;2;2147483.647;2147483.647;2147483.647;35791:23.647;2147483647;107374:10.941;71582:47.294;2025-10-28;M2533274853814129;Dry
0;Sean;Briggs;Pro;88;Ferrari 296 GT3;32;0;2147483.647;2147483.647;2147483.647;35791:23.647;2147483647;107374:10.941;;2025-10-29;M2535426324983035;Dry
0;Sean;Briggs;Pro;88;Ferrari 296 GT3;32;0;2147483.647;2147483.647;2147483.647;35791:23.647;2147483647;107374:10.941;;2025-10-29;M2535426324983035;Dry
0;Dustin;Hatcher;Am/reserve;777;Ferrari 296 GT3;32;7;40.767;61.503;36.726;02:19.146;139146;02:18.996;16:14.022;2025-10-29;M2533274853814129;Dry
0;Sean;Briggs;Pro;88;Ferrari 296 GT3;32;6;41.467;61.772;36.975;02:20.215;140215;02:20.214;14:01.290;2025-10-29;M2535426324983035;Dry
0;Dustin;Hatcher;Am/reserve;777;Ferrari 296 GT3;32;30;40.680;61.017;36.417;02:18.297;138297;02:18.114;69:08.910;2025-10-29;M2533274853814129;Dry
0;John;Gooday;Unknown;18;BMW M4 GT3 2022;26;7;40.827;61.297;36.742;02:18.867;138867;02:18.866;16:12.069;2025-10-29;P6242924876318439157;Dry
0;Rob;Sexton;Pro;13;McLaren 720S GT3 Evo;35;40;40.900;61.555;36.577;02:19.617;139617;02:19.032;93:04.680;2025-10-29;M2533274809212122;Dry
0;Steve;Carter;Unknown;167;McLaren 720S GT3 Evo;35;28;41.375;61.705;37.117;02:20.472;140472;02:20.197;65:33.216;2025-10-30;M2535453281193149;Dry
0;John;Guise;Pro;10;Mercedes AMG GT3 2020;25;3;41.256;62.235;36.816;02:20.307;140307;02:20.307;07:00.921;2025-11-01;M2533274803882798;Dry
0;;Adzinski82;Unknown;38;Ferrari 296 GT3;32;3;41.730;61.670;37.322;02:20.895;140895;02:20.722;07:02.685;2025-11-01;M2533274802804598;Dry
0;Mark;Browning;Pro;7;Ferrari 296 GT3;32;5;42.072;62.392;37.497;02:21.962;141962;02:21.961;11:49.810;2025-11-01;M2533274796566438;Dry
0;Rob;Sexton;Pro;13;McLaren 720S GT3 Evo;35;40;40.785;61.627;36.685;02:19.577;139577;02:19.097;93:03.080;2025-11-01;M2533274809212122;Dry
0;Jason;Macdonald;Silver;40;Ford Mustang GT3;36;2;41.462;62.700;37.032;02:21.195;141195;02:21.194;04:42.390;2025-11-01;M2533274809536861;Dry
0;Rob;Sexton;Pro;13;McLaren 720S GT3 Evo;35;7;41.142;62.030;36.657;02:19.922;139922;02:19.829;16:19.454;2025-11-02;M2533274809212122;Dry
0;Jason;Macdonald;Silver;40;Ford Mustang GT3;36;0;2147483.647;2147483.647;2147483.647;35791:23.647;2147483647;107374:10.941;;2025-11-02;M2533274809536861;Dry
0;Rob;Sexton;Pro;13;McLaren 720S GT3 Evo;35;0;2147483.647;2147483.647;2147483.647;35791:23.647;2147483647;107374:10.941;;2025-11-02;M2533274809212122;Dry
0;Jason;Macdonald;Silver;40;Ford Mustang GT3;36;0;2147483.647;2147483.647;2147483.647;35791:23.647;2147483647;107374:10.941;;2025-11-02;M2533274809536861;Dry
0;Rob;Sexton;Pro;13;McLaren 720S GT3 Evo;35;25;40.900;61.715;36.712;02:19.432;139432;02:19.327;58:05.800;2025-11-02;M2533274809212122;Dry
0;Mark;Browning;Pro;7;Ferrari 296 GT3;32;16;41.245;61.837;37.265;02:20.885;140885;02:20.347;37:34.160;2025-11-02;M2533274796566438;Dry
0;Mark;Browning;Pro;7;Ferrari 296 GT3;32;0;2147483.647;2147483.647;2147483.647;35791:23.647;2147483647;107374:10.941;;2025-11-02;M2533274796566438;Dry
0;Mark;Browning;Pro;7;Ferrari 296 GT3;32;8;41.120;61.907;36.832;02:19.935;139935;02:19.859;18:39.480;2025-11-02;M2533274796566438;Dry
0;Adam;Lovell;Am/reserve;260;Ford Mustang GT3;36;4;40.719;61.818;36.825;02:19.431;139431;02:19.362;09:17.724;2025-11-02;M2535468859834853;Dry
0;Richard;Huxley;Am/reserve;89;Ferrari 296 GT3;32;0;2147483.647;2147483.647;2147483.647;35791:23.647;2147483647;107374:10.941;;2025-11-02;M2535454029768367;Dry
0;Benjamin;Matthew;Unknown;42;Ferrari 296 GT3;32;0;2147483.647;2147483.647;2147483.647;35791:23.647;2147483647;107374:10.941;;2025-11-02;M2535456990131789;Dry
0;Linden;Hill;Silver;16;Ford Mustang GT3;36;0;2147483.647;2147483.647;2147483.647;35791:23.647;2147483647;107374:10.941;;2025-11-02;M2533274805889819;Dry
0;Toby;Cirel;Am/reserve;1;Ford Mustang GT3;36;10;40.120;60.572;36.070;02:16.762;136762;02:16.762;22:47.620;2025-11-02;M2535459005860319;Dry
0;Nick;Efdee;Pro;23;Lexus RC F GT3;15;14;40.395;60.357;36.219;02:17.109;137109;02:16.971;31:59.526;2025-11-02;M2533274876472342;Dry
0;Linden;Hill;Silver;16;Ford Mustang GT3;36;12;40.225;60.877;36.195;02:17.397;137397;02:17.297;27:28.764;2025-11-02;M2533274805889819;Dry
0;Benjamin;Matthew;Unknown;42;Ferrari 296 GT3;32;16;40.572;60.624;36.258;02:17.454;137454;02:17.454;36:39.264;2025-11-02;M2535456990131789;Dry
0;Ben;Jones;Pro;80;McLaren 720S GT3 Evo;35;7;40.310;60.835;36.307;02:17.630;137630;02:17.452;16:03.410;2025-11-02;M2562092466593675;Dry
0;Solomon;Bosworth;Unknown;32;Porsche 992 GT3 R;34;6;40.455;60.714;36.225;02:17.658;137658;02:17.394;13:45.948;2025-11-02;M2535429964314036;Dry
0;Scott;Currie;Unknown;24;Bentley Continental GT3 2018;8;12;40.839;60.543;36.588;02:17.970;137970;02:17.970;27:35.640;2025-11-02;M2533274976716913;Dry
0;;ping22587;Am/reserve;27;Nissan GT-R Nismo GT3 2018;6;9;40.425;61.377;36.471;02:18.273;138273;02:18.273;20:44.457;2025-11-02;M2535430534227760;Dry
0;Richard;Huxley;Am/reserve;89;Ferrari 296 GT3;32;10;40.614;61.248;36.453;02:18.576;138576;02:18.315;23:05.760;2025-11-02;M2535454029768367;Dry
0;Andrew;Mcvittie;Pro;116;Aston Martin Vantage V8 2019;20;10;40.730;61.295;36.562;02:18.637;138637;02:18.587;23:06.370;2025-11-02;M2533274896948119;Dry
0;Graham;Kennedy;Pro;11;McLaren 720S GT3 Evo;35;2;40.845;60.995;36.677;02:18.745;138745;02:18.517;04:37.490;2025-11-02;M2533274817811996;Dry
0;Mark;Stapely;Silver;142;McLaren 720S GT3 Evo;35;13;40.847;61.112;36.552;02:18.930;138930;02:18.511;30:06.090;2025-11-02;M2533274804293173;Dry
0;John;Guise;Pro;10;Mercedes AMG GT3 2020;25;8;40.935;61.569;36.528;02:19.032;139032;02:19.032;18:32.256;2025-11-02;M2533274803882798;Dry
0;;Firecannon36;Am/reserve;36;McLaren 720S GT3 Evo;35;3;41.205;61.217;36.665;02:19.087;139087;02:19.087;06:57.261;2025-11-02;M2535468358420160;Dry
0;Luke;Saunders;Unknown;77;BMW M4 GT3 2022;26;7;40.835;61.342;36.920;02:19.097;139097;02:19.097;16:13.679;2025-11-02;P3235842779263578181;Dry
0;Mark;Browning;Pro;7;Ferrari 296 GT3;32;9;40.842;61.667;36.607;02:19.375;139375;02:19.116;20:54.375;2025-11-02;M2533274796566438;Dry
0;Sean;Briggs;Pro;88;Ferrari 296 GT3;32;2;41.367;61.557;36.482;02:19.407;139407;02:19.406;04:38.814;2025-11-02;M2535426324983035;Dry
0;Adam;Lovell;Am/reserve;260;Ford Mustang GT3;36;8;40.533;61.608;36.777;02:19.449;139449;02:18.918;18:35.592;2025-11-02;M2535468859834853;Dry
0;John;Gooday;Unknown;18;BMW M4 GT3 2022;26;1;40.827;62.172;36.932;02:19.932;139932;02:19.931;02:19.932;2025-11-02;P6242924876318439157;Dry
0;Rob;Sexton;Pro;13;McLaren 720S GT3 Evo;35;5;40.737;62.285;36.725;02:20.232;140232;02:19.747;11:41.160;2025-11-02;M2533274809212122;Dry
0;Gareth;Johnstone;Am/reserve;420;McLaren 720S GT3 Evo;35;10;40.785;62.154;36.654;02:20.409;140409;02:19.593;23:24.090;2025-11-02;M2535421862963748;Dry
0;Garry;Oldsimm;Unknown;63;BMW M4 GT3 2022;26;3;41.405;61.950;37.265;02:20.717;140717;02:20.620;07:02.151;2025-11-02;M2535439873255427;Dry
0;Brian;Slater;Pro;20;Ford Mustang GT3;36;9;41.331;62.961;36.819;02:21.231;141231;02:21.111;21:11.079;2025-11-02;M2533274804593068;Dry
0;Jason;Macdonald;Silver;40;Ford Mustang GT3;36;1;2147483.647;2147483.647;2147483.647;35791:23.647;2147483647;107374:10.941;35791:23.647;2025-11-02;M2533274809536861;Dry
0;R;BoA-Briggs;Pro;52;McLaren 720S GT3 Evo;35;0;2147483.647;2147483.647;2147483.647;35791:23.647;2147483647;107374:10.941;;2025-11-02;M2533274963284096;Dry
0;Solomon;Bosworth;Unknown;32;Porsche 992 GT3 R;34;4;40.374;60.534;36.066;02:17.025;137025;02:16.974;09:08.100;2025-11-02;M2535429964314036;Dry
0;Ben;Jones;Pro;80;McLaren 720S GT3 Evo;35;4;40.167;60.547;36.362;02:17.077;137077;02:17.076;09:08.308;2025-11-02;M2562092466593675;Dry
0;Nick;Efdee;Pro;23;Lexus RC F GT3;15;6;40.443;60.492;36.177;02:17.139;137139;02:17.112;13:42.834;2025-11-02;M2533274876472342;Dry
0;Linden;Hill;Silver;16;Ford Mustang GT3;36;7;40.092;60.795;36.312;02:17.235;137235;02:17.199;16:00.645;2025-11-02;M2533274805889819;Dry
0;;ping22587;Am/reserve;27;Nissan GT-R Nismo GT3 2018;6;6;40.131;60.816;36.228;02:17.394;137394;02:17.175;13:44.364;2025-11-02;M2535430534227760;Dry
0;Scott;Currie;Unknown;24;Bentley Continental GT3 2018;8;4;40.929;60.528;36.441;02:17.898;137898;02:17.898;09:11.592;2025-11-02;M2533274976716913;Dry
0;Graham;Kennedy;Pro;11;McLaren 720S GT3 Evo;35;5;40.565;60.797;36.597;02:17.960;137960;02:17.959;11:29.800;2025-11-02;M2533274817811996;Dry
0;Benjamin;Matthew;Unknown;42;Ferrari 296 GT3;32;6;40.563;61.284;36.303;02:18.318;138318;02:18.150;13:49.908;2025-11-02;M2535456990131789;Dry
0;Richard;Huxley;Am/reserve;89;Ferrari 296 GT3;32;5;40.515;61.410;36.573;02:18.573;138573;02:18.498;11:32.865;2025-11-02;M2535454029768367;Dry
0;Sean;Briggs;Pro;88;Ferrari 296 GT3;32;5;40.802;61.197;36.505;02:18.580;138580;02:18.504;11:32.900;2025-11-02;M2535426324983035;Dry
0;John;Gooday;Unknown;18;BMW M4 GT3 2022;26;6;40.802;60.967;36.747;02:18.800;138800;02:18.516;13:52.800;2025-11-02;P6242924876318439157;Dry
0;Mark;Browning;Pro;7;Ferrari 296 GT3;32;3;40.757;61.515;36.632;02:18.935;138935;02:18.904;06:56.805;2025-11-02;M2533274796566438;Dry
0;Mark;Stapely;Silver;142;McLaren 720S GT3 Evo;35;5;40.985;61.395;36.517;02:18.942;138942;02:18.897;11:34.710;2025-11-02;M2533274804293173;Dry
0;Andrew;Mcvittie;Pro;116;Aston Martin Vantage V8 2019;20;4;40.930;60.787;37.135;02:19.117;139117;02:18.852;09:16.468;2025-11-02;M2533274896948119;Dry
0;;Firecannon36;Am/reserve;36;McLaren 720S GT3 Evo;35;3;41.080;61.255;36.792;02:19.127;139127;02:19.127;06:57.381;2025-11-02;M2535468358420160;Dry
0;Adam;Lovell;Am/reserve;260;Ford Mustang GT3;36;5;40.503;61.692;36.663;02:19.170;139170;02:18.858;11:35.850;2025-11-02;M2535468859834853;Dry
0;Rob;Sexton;Pro;13;McLaren 720S GT3 Evo;35;3;40.550;61.370;36.700;02:19.182;139182;02:18.620;06:57.546;2025-11-02;M2533274809212122;Dry
0;John;Guise;Pro;10;Mercedes AMG GT3 2020;25;3;40.815;61.560;36.588;02:19.296;139296;02:18.963;06:57.888;2025-11-02;M2533274803882798;Dry
0;Jason;Macdonald;Silver;40;Ford Mustang GT3;36;3;40.752;61.655;36.972;02:19.380;139380;02:19.379;06:58.140;2025-11-02;M2533274809536861;Dry
0;Luke;Saunders;Unknown;77;BMW M4 GT3 2022;26;3;40.787;61.870;36.592;02:19.435;139435;02:19.249;06:58.305;2025-11-02;P3235842779263578181;Dry
0;Gareth;Johnstone;Am/reserve;420;McLaren 720S GT3 Evo;35;3;41.094;62.958;36.702;02:20.754;140754;02:20.754;07:02.262;2025-11-02;M2535421862963748;Dry
0;Brian;Slater;Pro;20;Ford Mustang GT3;36;0;2147483.647;2147483.647;2147483.647;35791:23.647;2147483647;107374:10.941;;2025-11-02;M2533274804593068;Dry
0;Toby;Cirel;Am/reserve;1;Ford Mustang GT3;36;5;2147483.647;2147483.647;2147483.647;35791:23.647;2147483647;107374:10.941;178956:58.235;2025-11-02;M2535459005860319;Dry
0;Garry;Oldsimm;Unknown;63;BMW M4 GT3 2022;26;0;2147483.647;2147483.647;2147483.647;35791:23.647;2147483647;107374:10.941;;2025-11-02;M2535439873255427;Dry
0;Steve;Carter;Unknown;167;McLaren 720S GT3 Evo;35;0;2147483.647;2147483.647;2147483.647;35791:23.647;2147483647;107374:10.941;;2025-11-02;M2535453281193149;Dry
0;R;BoA-Briggs;Pro;52;McLaren 720S GT3 Evo;35;0;2147483.647;2147483.647;2147483.647;35791:23.647;2147483647;107374:10.941;;2025-11-02;M2533274963284096;Dry
0;Ben;Jones;Pro;80;McLaren 720S GT3 Evo;35;26;40.102;60.650;36.182;02:17.197;137197;02:16.934;59:27.122;2025-11-02;M2562092466593675;Dry
0;Nick;Efdee;Pro;23;Lexus RC F GT3;15;26;40.461;60.768;36.282;02:17.721;137721;02:17.511;59:40.746;2025-11-02;M2533274876472342;Dry
0;Toby;Cirel;Am/reserve;1;Ford Mustang GT3;36;26;40.222;60.457;36.182;02:17.272;137272;02:16.861;59:29.072;2025-11-02;M2535459005860319;Dry
0;Scott;Currie;Unknown;24;Bentley Continental GT3 2018;8;26;40.704;60.612;36.390;02:18.006;138006;02:17.706;59:48.156;2025-11-02;M2533274976716913;Dry
0;Solomon;Bosworth;Unknown;32;Porsche 992 GT3 R;34;26;40.425;60.729;36.273;02:17.685;137685;02:17.427;59:39.810;2025-11-02;M2535429964314036;Dry
0;Linden;Hill;Silver;16;Ford Mustang GT3;36;26;40.260;61.340;36.230;02:17.830;137830;02:17.830;59:43.580;2025-11-02;M2533274805889819;Dry
0;Graham;Kennedy;Pro;11;McLaren 720S GT3 Evo;35;26;40.645;61.317;36.497;02:18.675;138675;02:18.459;60:05.550;2025-11-02;M2533274817811996;Dry
0;John;Gooday;Unknown;18;BMW M4 GT3 2022;26;26;40.810;61.097;36.835;02:19.172;139172;02:18.742;60:18.472;2025-11-02;P6242924876318439157;Dry
0;John;Guise;Pro;10;Mercedes AMG GT3 2020;25;26;40.563;61.746;36.480;02:18.990;138990;02:18.789;60:13.740;2025-11-02;M2533274803882798;Dry
0;Mark;Stapely;Silver;142;McLaren 720S GT3 Evo;35;26;40.805;61.462;36.600;02:19.350;139350;02:18.867;60:23.100;2025-11-02;M2533274804293173;Dry
0;Jason;Macdonald;Silver;40;Ford Mustang GT3;36;26;40.607;61.597;36.687;02:19.477;139477;02:18.891;60:26.402;2025-11-02;M2533274809536861;Dry
0;Mark;Browning;Pro;7;Ferrari 296 GT3;32;26;40.872;61.672;36.860;02:19.647;139647;02:19.404;60:30.822;2025-11-02;M2533274796566438;Dry
0;Garry;Oldsimm;Unknown;63;BMW M4 GT3 2022;26;26;41.052;61.592;37.135;02:20.207;140207;02:19.779;60:45.382;2025-11-02;M2535439873255427;Dry
0;;ping22587;Am/reserve;27;Nissan GT-R Nismo GT3 2018;6;26;40.368;61.320;36.384;02:18.270;138270;02:18.072;59:55.020;2025-11-02;M2535430534227760;Dry
0;Richard;Huxley;Am/reserve;89;Ferrari 296 GT3;32;25;40.812;61.545;36.900;02:19.602;139602;02:19.257;58:10.050;2025-11-02;M2535454029768367;Dry
0;Rob;Sexton;Pro;13;McLaren 720S GT3 Evo;35;25;40.932;61.830;36.642;02:19.787;139787;02:19.404;58:14.675;2025-11-02;M2533274809212122;Dry
0;;Firecannon36;Am/reserve;36;McLaren 720S GT3 Evo;35;25;41.192;61.567;37.247;02:20.260;140260;02:20.006;58:26.500;2025-11-02;M2535468358420160;Dry
0;Luke;Saunders;Unknown;77;BMW M4 GT3 2022;26;25;41.127;61.867;37.090;02:20.117;140117;02:20.084;58:22.925;2025-11-02;P3235842779263578181;Dry
0;Benjamin;Matthew;Unknown;42;Ferrari 296 GT3;32;24;40.833;61.326;36.669;02:18.843;138843;02:18.828;55:32.232;2025-11-02;M2535456990131789;Dry
0;Andrew;Mcvittie;Pro;116;Aston Martin Vantage V8 2019;20;24;41.475;61.850;36.662;02:19.987;139987;02:19.987;55:59.688;2025-11-02;M2533274896948119;Dry
0;Steve;Carter;Unknown;167;McLaren 720S GT3 Evo;35;24;41.737;62.752;37.555;02:22.605;142605;02:22.044;57:02.520;2025-11-02;M2535453281193149;Dry
0;Sean;Briggs;Pro;88;Ferrari 296 GT3;32;23;40.955;61.275;36.595;02:18.830;138830;02:18.825;53:13.090;2025-11-02;M2535426324983035;Dry
0;Adam;Lovell;Am/reserve;260;Ford Mustang GT3;36;6;40.809;62.169;37.071;02:20.193;140193;02:20.049;14:01.158;2025-11-02;M2535468859834853;Dry
0;Gareth;Johnstone;Am/reserve;420;McLaren 720S GT3 Evo;35;0;2147483.647;2147483.647;2147483.647;35791:23.647;2147483647;107374:10.941;;2025-11-02;M2535421862963748;Dry
0;Brian;Slater;Pro;20;Ford Mustang GT3;36;0;2147483.647;2147483.647;2147483.647;35791:23.647;2147483647;107374:10.941;;2025-11-02;M2533274804593068;Dry
0;R;BoA-Briggs;Pro;52;McLaren 720S GT3 Evo;35;0;2147483.647;2147483.647;2147483.647;35791:23.647;2147483647;107374:10.941;;2025-11-02;M2533274963284096;Dry
0;Richard;Huxley;Am/reserve;89;Ferrari 296 GT3;32;0;2147483.647;2147483.647;2147483.647;35791:23.647;2147483647;107374:10.941;;2025-11-02;M2535454029768367;Dry
0;Sean;Briggs;Pro;88;Ferrari 296 GT3;32;0;2147483.647;2147483.647;2147483.647;35791:23.647;2147483647;107374:10.941;;2025-11-02;M2535426324983035;Dry
0;Graham;Kennedy;Pro;11;McLaren 720S GT3 Evo;35;0;2147483.647;2147483.647;2147483.647;35791:23.647;2147483647;107374:10.941;;2025-11-02;M2533274817811996;Dry
0;Linden;Hill;Silver;16;Ford Mustang GT3;36;0;2147483.647;2147483.647;2147483.647;35791:23.647;2147483647;107374:10.941;;2025-11-02;M2533274805889819;Dry
0;Nick;Efdee;Pro;23;Lexus RC F GT3;15;0;2147483.647;2147483.647;2147483.647;35791:23.647;2147483647;107374:10.941;;2025-11-02;M2533274876472342;Dry
0;;ping22587;Am/reserve;27;Nissan GT-R Nismo GT3 2018;6;0;2147483.647;2147483.647;2147483.647;35791:23.647;2147483647;107374:10.941;;2025-11-02;M2535430534227760;Dry
0;John;Guise;Pro;10;Mercedes AMG GT3 2020;25;0;2147483.647;2147483.647;2147483.647;35791:23.647;2147483647;107374:10.941;;2025-11-02;M2533274803882798;Dry
0;Scott;Currie;Unknown;24;Bentley Continental GT3 2018;8;0;2147483.647;2147483.647;2147483.647;35791:23.647;2147483647;107374:10.941;;2025-11-02;M2533274976716913;Dry
0;Ben;Jones;Pro;80;McLaren 720S GT3 Evo;35;0;2147483.647;2147483.647;2147483.647;35791:23.647;2147483647;107374:10.941;;2025-11-02;M2562092466593675;Dry
0;Luke;Saunders;Unknown;77;BMW M4 GT3 2022;26;0;2147483.647;2147483.647;2147483.647;35791:23.647;2147483647;107374:10.941;;2025-11-02;P3235842779263578181;Dry
0;Mark;Browning;Pro;7;Ferrari 296 GT3;32;0;2147483.647;2147483.647;2147483.647;35791:23.647;2147483647;107374:10.941;;2025-11-02;M2533274796566438;Dry
0;Rob;Sexton;Pro;13;McLaren 720S GT3 Evo;35;0;2147483.647;2147483.647;2147483.647;35791:23.647;2147483647;107374:10.941;;2025-11-02;M2533274809212122;Dry
0;Jason;Macdonald;Silver;40;Ford Mustang GT3;36;0;2147483.647;2147483.647;2147483.647;35791:23.647;2147483647;107374:10.941;;2025-11-02;M2533274809536861;Dry
0;John;Gooday;Unknown;18;BMW M4 GT3 2022;26;0;2147483.647;2147483.647;2147483.647;35791:23.647;2147483647;107374:10.941;;2025-11-02;P6242924876318439157;Dry
0;Steve;Carter;Unknown;167;McLaren 720S GT3 Evo;35;0;2147483.647;2147483.647;2147483.647;35791:23.647;2147483647;107374:10.941;;2025-11-02;M2535453281193149;Dry
0;R;BoA-Briggs;Pro;52;McLaren 720S GT3 Evo;35;0;2147483.647;2147483.647;2147483.647;35791:23.647;2147483647;107374:10.941;;2025-11-02;M2533274963284096;Dry
0;;Thebadden#6350;Am/reserve;260;Ford Mustang GT3;36;0;2147483.647;2147483.647;2147483.647;35791:23.647;2147483647;107374:10.941;;2025-09-07;M2535468859834853;Dry
0;;bmatthew717;Unknown;42;Ferrari 296 GT3;32;3;40.833;60.852;36.441;02:18.231;138231;02:18.126;06:54.693;2025-09-07;M2535456990131789;Dry
0;;Thebadden#6350;Am/reserve;260;Ford Mustang GT3;36;1;41.025;62.298;36.981;02:20.304;140304;02:20.304;02:20.304;2025-09-07;M2535468859834853;Dry
0;;BoA Diamond;Pro;92;Porsche 992 GT3 R;34;0;2147483.647;2147483.647;2147483.647;35791:23.647;2147483647;107374:10.941;;2025-09-07;M2533274963284096;Dry
0;;Thebadden#6350;Am/reserve;260;Ford Mustang GT3;36;2;40.695;62.178;37.071;02:19.944;139944;02:19.944;04:39.888;2025-09-07;M2535468859834853;Dry
0;;bmatthew717;Unknown;42;Ferrari 296 GT3;32;0;2147483.647;2147483.647;2147483.647;35791:23.647;2147483647;107374:10.941;;2025-09-07;M2535456990131789;Dry
0;;BoA Diamond;Pro;92;Porsche 992 GT3 R;34;3;2147483.647;2147483.647;2147483.647;35791:23.647;2147483647;107374:10.941;107374:10.941;2025-09-07;M2533274963284096;Dry
0;;BoAPrawnStar;Pro;100;Ferrari 296 GT3;32;0;2147483.647;2147483.647;2147483.647;35791:23.647;2147483647;107374:10.941;;2025-09-07;M2535426324983035;Dry
0;Ben;Jones;Pro;80;McLaren 720S GT3 Evo;35;26;40.102;60.650;36.182;02:17.197;137197;02:16.934;59:27.122;2025-11-02;M2562092466593675;Dry
0;Nick;Efdee;Pro;23;Lexus RC F GT3;15;26;40.461;60.768;36.282;02:17.721;137721;02:17.511;59:40.746;2025-11-02;M2533274876472342;Dry
0;Toby;Cirel;Am/reserve;1;Ford Mustang GT3;36;26;40.222;60.457;36.182;02:17.272;137272;02:16.861;59:29.072;2025-11-02;M2535459005860319;Dry
0;Scott;Currie;Unknown;24;Bentley Continental GT3 2018;8;26;40.704;60.612;36.390;02:18.006;138006;02:17.706;59:48.156;2025-11-02;M2533274976716913;Dry
0;Solomon;Bosworth;Unknown;32;Porsche 992 GT3 R;34;26;40.425;60.729;36.273;02:17.685;137685;02:17.427;59:39.810;2025-11-02;M2535429964314036;Dry
0;Linden;Hill;Silver;16;Ford Mustang GT3;36;26;40.260;61.340;36.230;02:17.830;137830;02:17.830;59:43.580;2025-11-02;M2533274805889819;Dry
0;Graham;Kennedy;Pro;11;McLaren 720S GT3 Evo;35;26;40.645;61.317;36.497;02:18.675;138675;02:18.459;60:05.550;2025-11-02;M2533274817811996;Dry
0;John;Gooday;Unknown;18;BMW M4 GT3 2022;26;26;40.810;61.097;36.835;02:19.172;139172;02:18.742;60:18.472;2025-11-02;P6242924876318439157;Dry
0;John;Guise;Pro;10;Mercedes AMG GT3 2020;25;26;40.563;61.746;36.480;02:18.990;138990;02:18.789;60:13.740;2025-11-02;M2533274803882798;Dry
0;Mark;Stapely;Silver;142;McLaren 720S GT3 Evo;35;26;40.805;61.462;36.600;02:19.350;139350;02:18.867;60:23.100;2025-11-02;M2533274804293173;Dry
0;Jason;Macdonald;Silver;40;Ford Mustang GT3;36;26;40.607;61.597;36.687;02:19.477;139477;02:18.891;60:26.402;2025-11-02;M2533274809536861;Dry
0;Mark;Browning;Pro;7;Ferrari 296 GT3;32;26;40.872;61.672;36.860;02:19.647;139647;02:19.404;60:30.822;2025-11-02;M2533274796566438;Dry
0;Garry;Oldsimm;Unknown;63;BMW M4 GT3 2022;26;26;41.052;61.592;37.135;02:20.207;140207;02:19.779;60:45.382;2025-11-02;M2535439873255427;Dry
0;;ping22587;Am/reserve;27;Nissan GT-R Nismo GT3 2018;6;26;40.368;61.320;36.384;02:18.270;138270;02:18.072;59:55.020;2025-11-02;M2535430534227760;Dry
0;Richard;Huxley;Am/reserve;89;Ferrari 296 GT3;32;25;40.812;61.545;36.900;02:19.602;139602;02:19.257;58:10.050;2025-11-02;M2535454029768367;Dry
0;Rob;Sexton;Pro;13;McLaren 720S GT3 Evo;35;25;40.932;61.830;36.642;02:19.787;139787;02:19.404;58:14.675;2025-11-02;M2533274809212122;Dry
0;;Firecannon36;Am/reserve;36;McLaren 720S GT3 Evo;35;25;41.192;61.567;37.247;02:20.260;140260;02:20.006;58:26.500;2025-11-02;M2535468358420160;Dry
0;Luke;Saunders;Unknown;77;BMW M4 GT3 2022;26;25;41.127;61.867;37.090;02:20.117;140117;02:20.084;58:22.925;2025-11-02;P3235842779263578181;Dry
0;Benjamin;Matthew;Unknown;42;Ferrari 296 GT3;32;24;40.833;61.326;36.669;02:18.843;138843;02:18.828;55:32.232;2025-11-02;M2535456990131789;Dry
0;Andrew;Mcvittie;Pro;116;Aston Martin Vantage V8 2019;20;24;41.475;61.850;36.662;02:19.987;139987;02:19.987;55:59.688;2025-11-02;M2533274896948119;Dry
0;Steve;Carter;Unknown;167;McLaren 720S GT3 Evo;35;24;41.737;62.752;37.555;02:22.605;142605;02:22.044;57:02.520;2025-11-02;M2535453281193149;Dry
0;Sean;Briggs;Pro;88;Ferrari 296 GT3;32;23;40.955;61.275;36.595;02:18.830;138830;02:18.825;53:13.090;2025-11-02;M2535426324983035;Dry
0;Adam;Lovell;Am/reserve;260;Ford Mustang GT3;36;6;40.809;62.169;37.071;02:20.193;140193;02:20.049;14:01.158;2025-11-02;M2535468859834853;Dry
0;Gareth;Johnstone;Am/reserve;420;McLaren 720S GT3 Evo;35;0;2147483.647;2147483.647;2147483.647;35791:23.647;2147483647;107374:10.941;;2025-11-02;M2535421862963748;Dry
0;Brian;Slater;Pro;20;Ford Mustang GT3;36;0;2147483.647;2147483.647;2147483.647;35791:23.647;2147483647;107374:10.941;;2025-11-02;M2533274804593068;Dry
0;R;BoA-Briggs;Pro;52;McLaren 720S GT3 Evo;35;0;2147483.647;2147483.647;2147483.647;35791:23.647;2147483647;107374:10.941;;2025-11-02;M2533274963284096;Dry
