Track;Driver;Best lap (ms);Place;Avg Lap (formatted);Pace Rank;Position Rank;Overall Score;Overall Rank
barcelona;A Skunky;103846.875;1;1:43.847;1.0;1.0;1.0;1.0
barcelona;Andre Lico;104139.66666666667;1;1:44.140;2.0;1.0;1.5;2.0
barcelona;B Szpak#5797;104518.22222222222;1;1:44.518;7.0;1.0;4.0;3.0
barcelona;B Jones;104675.14285714286;1;1:44.675;12.0;1.0;6.5;4.0
barcelona;F FGTR TRIGGA;105317.0;1;1:45.317;16.0;1.0;8.5;5.0
barcelona;Adrian Adrian Ronda#661;105675.0;1;1:45.675;22.0;1.0;11.5;6.0
barcelona;Sean Briggs;105855.57142857143;1;1:45.856;24.0;1.0;12.5;7.0
barcelona;B Dzieciol;104243.16666666667;2;1:44.243;3.0;23.0;13.0;8.0
barcelona;David WekFest81;106042.5;1;1:46.042;25.0;1.0;13.0;8.0
barcelona;R YHWH144000;106125.75;1;1:46.126;26.0;1.0;13.5;10.0
barcelona;J BoA Basso;104447.0;2;1:44.447;6.0;23.0;14.5;11.0
barcelona;Jay Ruger;104364.0;3;1:44.364;4.0;27.0;15.5;12.0
barcelona;J FebrexPT;106619.375;1;1:46.619;31.0;1.0;16.0;13.0
barcelona;M Grunert;104422.0;3;1:44.422;5.0;27.0;16.0;13.0
barcelona;JON J0N G10;106626.6;1;1:46.627;32.0;1.0;16.5;15.0
barcelona;L Hill;104674.42857142857;2;1:44.674;11.0;23.0;17.0;16.0
barcelona;Jay JAY RUGE;106908.8;1;1:46.909;34.0;1.0;17.5;17.0
barcelona;Ant Mcvittie;104666.14285714286;3;1:44.666;9.0;27.0;18.0;18.0
barcelona;B BadBen80;107224.0;1;1:47.224;35.0;1.0;18.0;18.0
barcelona;R Garcia;104669.0;3;1:44.669;10.0;27.0;18.5;20.0
barcelona;J bigXjimmXe73;107490.0;1;1:47.490;37.0;1.0;19.0;21.0
barcelona;George Dodood;107866.6;1;1:47.867;38.0;1.0;19.5;22.0
barcelona;M2535453432622651;108025.0;1;1:48.025;39.0;1.0;20.0;23.0
barcelona;Brian Slater;104588.25;6;1:44.588;8.0;33.0;20.5;24.0
barcelona;L Dr Flexi Jerkov;108068.0;1;1:48.068;40.0;1.0;20.5;24.0
barcelona;Sean BoAPrawnStar;108301.2;1;1:48.301;41.0;1.0;21.0;26.0
barcelona;David Mojsa;105638.8;2;1:45.639;21.0;23.0;22.0;27.0
barcelona;J Caceres;104707.33333333333;4;1:44.707;13.0;31.0;22.0;27.0
barcelona;M MaD MAR350;108409.0;1;1:48.409;43.0;1.0;22.0;27.0
barcelona;R TAAT Staff;109330.25;1;1:49.330;45.0;1.0;23.0;30.0
barcelona;P prinzvinni50;109768.5;1;1:49.769;46.0;1.0;23.5;31.0
barcelona;R InocentPredator;110320.11111111111;1;1:50.320;47.0;1.0;24.0;32.0
barcelona;J Macdonald;105013.33333333333;9;1:45.013;14.0;36.0;25.0;33.0
barcelona;T Ferre;105071.5;9;1:45.072;15.0;36.0;25.5;34.0
barcelona;George Gradon;105338.33333333333;10;1:45.338;18.0;38.0;28.0;35.0
barcelona;Mark Browning;105336.33333333333;12;1:45.336;17.0;40.0;28.5;36.0
barcelona;F Trigga;105436.33333333333;11;1:45.436;19.0;39.0;29.0;37.0
barcelona;Jorge Herrera;106581.0;5;1:46.581;30.0;32.0;31.0;38.0
barcelona;JON G10;105508.0;14;1:45.508;20.0;43.0;31.5;39.0
barcelona;Adrian Ronda;105681.0;15;1:45.681;23.0;44.0;33.5;40.0
barcelona;JON Geez;106181.0;12;1:46.181;27.0;40.0;33.5;40.0
barcelona;R Sexton;106306.66666666667;19;1:46.307;28.0;45.0;36.5;42.0
barcelona;R Lopez;106416.0;19;1:46.416;29.0;45.0;37.0;43.0
barcelona;R Sabio;106832.0;13;1:46.832;33.0;42.0;37.5;44.0
barcelona;Ryan KanieBCAFC;108393.0;7;1:48.393;42.0;34.0;38.0;45.0
barcelona;Brian BoA KoolAid;109223.0;7;1:49.223;44.0;34.0;39.0;46.0
barcelona;Ryan Kane;107475.0;22;1:47.475;36.0;47.0;41.5;47.0
brands_hatch;M2535419271164404;84177.0;1;1:24.177;1.0;1.0;1.0;1.0
brands_hatch;M2535444771899723;84261.0;1;1:24.261;2.0;1.0;1.5;2.0
brands_hatch;M2533274849305553;85564.5;1;1:25.564;3.0;1.0;2.0;3.0
brands_hatch;M2535436248080973;85625.0;1;1:25.625;4.0;1.0;2.5;4.0
brands_hatch;M2533274798081753;86112.0;1;1:26.112;5.0;1.0;3.0;5.0
brands_hatch;M2535420728977128;86247.0;1;1:26.247;6.0;1.0;3.5;6.0
brands_hatch;M2535426538020770;86307.0;1;1:26.307;7.0;1.0;4.0;7.0
brands_hatch;David Wekfest;86395.0;1;1:26.395;8.0;1.0;4.5;8.0
brands_hatch;R Briggs;86517.0;1;1:26.517;9.0;1.0;5.0;9.0
brands_hatch;M2533274801396607;86622.0;1;1:26.622;10.0;1.0;5.5;10.0
brands_hatch;B BadBen80;86654.33333333333;1;1:26.654;11.0;1.0;6.0;11.0
brands_hatch;M2533274996256183;86835.0;1;1:26.835;13.0;1.0;7.0;12.0
brands_hatch;CGT Trolly;87077.0;1;1:27.077;14.0;1.0;7.5;13.0
brands_hatch;Brian BoA KoolAid;87235.5;1;1:27.235;16.0;1.0;8.5;14.0
brands_hatch;Jay JAY RUGE;87544.75;1;1:27.545;17.0;1.0;9.0;15.0
brands_hatch;M2533274954394205;87648.0;1;1:27.648;18.0;1.0;9.5;16.0
brands_hatch;Jay RUGE;87686.27272727272;1;1:27.686;20.0;1.0;10.5;17.0
brands_hatch;George Dodood;87936.0;1;1:27.936;22.0;1.0;11.5;18.0
brands_hatch;M2533274803469314;87951.0;1;1:27.951;23.0;1.0;12.0;19.0
brands_hatch;Brian KoolAid;87969.5;1;1:27.970;24.0;1.0;12.5;20.0
brands_hatch;J Febrex;87999.66666666667;1;1:28.000;26.0;1.0;13.5;21.0
brands_hatch;Mark SCRAPPER 2000;88227.33333333333;1;1:28.227;29.0;1.0;15.0;22.0
brands_hatch;P prinzvinni50;88557.0;1;1:28.557;30.0;1.0;15.5;23.0
brands_hatch;M2535469870455054;88649.5;1;1:28.649;33.0;1.0;17.0;24.0
brands_hatch;J FebrexPT;89126.6;1;1:29.127;35.0;1.0;18.0;25.0
brands_hatch;R Predator;89432.85714285714;1;1:29.433;36.0;1.0;18.5;26.0
brands_hatch;Sean BoAPrawnStar;91782.0;1;1:31.782;37.0;1.0;19.0;27.0
brands_hatch;L Hill;92134.5;1;1:32.135;38.0;1.0;19.5;28.0
brands_hatch;Jason Rochelle;92705.4;1;1:32.705;40.0;1.0;20.5;29.0
brands_hatch;George Gradon;92762.4;1;1:32.762;41.0;1.0;21.0;30.0
brands_hatch;JON J0N G10;92886.0;1;1:32.886;43.0;1.0;22.0;31.0
brands_hatch;J Bourne;94819.2;1;1:34.819;46.0;1.0;23.5;32.0
brands_hatch;M2535432554887635;86820.0;2;1:26.820;12.0;35.0;23.5;32.0
brands_hatch;R Sexton;94857.75;1;1:34.858;47.0;1.0;24.0;34.0
brands_hatch;T FR FullSpe3D;99009.0;1;1:39.009;48.0;1.0;24.5;35.0
brands_hatch;R STAFF;87166.33333333333;2;1:27.166;15.0;35.0;25.0;36.0
brands_hatch;R TAAT Staff;87987.5;2;1:27.988;25.0;35.0;30.0;37.0
brands_hatch;Sean PrawnStar;87668.0;3;1:27.668;19.0;42.0;30.5;38.0
brands_hatch;M2533274938612786;88614.0;2;1:28.614;31.0;35.0;33.0;39.0
brands_hatch;L Flexi;87754.0;5;1:27.754;21.0;47.0;34.0;40.0
brands_hatch;M2533274835841185;88097.0;3;1:28.097;27.0;42.0;34.5;41.0
brands_hatch;B Jones;92479.66666666667;2;1:32.480;39.0;35.0;37.0;42.0
brands_hatch;L Dr Flexi Jerkov;88617.0;4;1:28.617;32.0;45.0;38.5;43.0
brands_hatch;M MaD MAR350;88109.0;6;1:28.109;28.0;50.0;39.0;44.0
brands_hatch;R InocentPredator;88987.0;5;1:28.987;34.0;47.0;40.5;45.0
brands_hatch;Matt CHEWBACCA 3110;99085.0;2;1:39.085;49.0;35.0;42.0;46.0
brands_hatch;Scott RightfulChip6;203179.5;2;3:23.180;51.0;35.0;43.0;47.0
brands_hatch;L Anderson;92788.0;4;1:32.788;42.0;45.0;43.5;48.0
brands_hatch;Sean Briggs;93131.0;5;1:33.131;44.0;47.0;45.5;49.0
brands_hatch;M2535418163352504;99174.0;3;1:39.174;50.0;42.0;46.0;50.0
brands_hatch;Alex Summers;94434.66666666667;7;1:34.435;45.0;51.0;48.0;51.0
cota;B BadBen;128134.0;1;2:08.134;1.0;1.0;1.0;1.0
cota;B BadBen80;128479.66666666667;1;2:08.480;2.0;1.0;1.5;2.0
cota;J FebrexPT;128527.33333333333;1;2:08.527;3.0;1.0;2.0;3.0
cota;Sean Prawnstar;129084.25;1;2:09.084;5.0;1.0;3.0;4.0
cota;Ant ANT MCVITTIE;128881.5;3;2:08.882;4.0;6.0;5.0;5.0
cota;David WekFest81;132843.5;1;2:12.844;11.0;1.0;6.0;6.0
cota;F Franco#6938;129747.0;4;2:09.747;6.0;9.0;7.5;7.0
cota;T xI Sodii Ix;131134.0;3;2:11.134;9.0;6.0;7.5;7.0
cota;Adrian Ronda;131480.0;3;2:11.480;10.0;6.0;8.0;9.0
cota;JON J0N G10;131101.5;4;2:11.101;8.0;9.0;8.5;10.0
cota;J BoA Basso;131092.33333333334;5;2:11.092;7.0;11.0;9.0;11.0
cota;Alex BaysideSnake1;133688.5;6;2:13.688;12.0;12.0;12.0;12.0
donington;I gownie;87435.0;1;1:27.435;1.0;1.0;1.0;1.0
donington;J Febrex;87576.22222222222;1;1:27.576;2.0;1.0;1.5;2.0
donington;Jay RUGE;87639.69230769231;1;1:27.640;3.0;1.0;2.0;3.0
donington;B Bazz 77;87789.75;1;1:27.790;4.0;1.0;2.5;4.0
donington;M Migrun;87813.8;1;1:27.814;5.0;1.0;3.0;5.0
donington;M2535442170768476;88018.0;1;1:28.018;8.0;1.0;4.5;6.0
donington;Brian KoolAid;88142.5;1;1:28.142;9.0;1.0;5.0;7.0
donington;Jay JAY RUGE;88451.07692307692;1;1:28.451;12.0;1.0;6.5;8.0
donington;P Mr Sipex;88584.5;1;1:28.584;13.0;1.0;7.0;9.0
donington;S sookmycook;88608.5;1;1:28.608;14.0;1.0;7.5;10.0
donington;A Skunky;88653.75;1;1:28.654;15.0;1.0;8.0;11.0
donington;M BoA MIGRUN;88677.8;1;1:28.678;16.0;1.0;8.5;12.0
donington;Brian BoA KoolAid;88816.125;1;1:28.816;20.0;1.0;10.5;13.0
donington;R Predator;89271.1;1;1:29.271;26.0;1.0;13.5;14.0
donington;B Dzieciol;89514.25;1;1:29.514;30.0;1.0;15.5;15.0
donington;B Szpak#5797;89827.0;1;1:29.827;32.0;1.0;16.5;16.0
donington;David WekFest81;89902.36363636363;1;1:29.902;35.0;1.0;18.0;17.0
donington;M2535441730221737;89929.77777777778;1;1:29.930;36.0;1.0;18.5;18.0
donington;B BadBen80;89963.38888888889;1;1:29.963;37.0;1.0;19.0;19.0
donington;J FebrexPT;90047.19047619047;1;1:30.047;38.0;1.0;19.5;20.0
donington;R InocentPredator;90113.875;1;1:30.114;39.0;1.0;20.0;21.0
donington;Sean Briggs;90199.33333333333;1;1:30.199;40.0;1.0;20.5;22.0
donington;R YHWH144000;90762.0;1;1:30.762;43.0;1.0;22.0;23.0
donington;JON J0N G10;90849.33333333333;1;1:30.849;44.0;1.0;22.5;24.0
donington;L Dr Flexi Jerkov;90916.33333333333;1;1:30.916;45.0;1.0;23.0;25.0
donington;George Dodood;90925.0;1;1:30.925;46.0;1.0;23.5;26.0
donington;Ant Mcvittie;88450.33333333333;2;1:28.450;11.0;37.0;24.0;27.0
donington;R TAAT Staff;88312.33333333333;3;1:28.312;10.0;43.0;26.5;28.0
donington;Sean BoAPrawnStar;91818.0;1;1:31.818;52.0;1.0;26.5;28.0
donington;Sean PrawnStar;87857.25;6;1:27.857;6.0;47.0;26.5;28.0
donington;David Wekfest;87886.0;6;1:27.886;7.0;47.0;27.0;31.0
donington;R BoA Diamond;92663.625;1;1:32.664;53.0;1.0;27.0;31.0
donington;M MaD MAR350;94513.57142857143;1;1:34.514;55.0;1.0;28.0;33.0
donington;J Bourne;94977.33333333333;1;1:34.977;56.0;1.0;28.5;34.0
donington;Andre Lico;88890.66666666667;2;1:28.891;21.0;37.0;29.0;35.0
donington;L Anderson;95152.75;1;1:35.153;57.0;1.0;29.0;35.0
donington;F Trigga;95520.25;1;1:35.520;58.0;1.0;29.5;37.0
donington;J bigXjimmXe73;95647.7;1;1:35.648;59.0;1.0;30.0;38.0
donington;Jason Chug A Lug N;95808.0;1;1:35.808;60.0;1.0;30.5;39.0
donington;M2535459741797416;97047.75;1;1:37.048;61.0;1.0;31.0;40.0
donington;S soookmycoook80;89248.5;2;1:29.248;25.0;37.0;31.0;40.0
donington;Alex BaysideSnake1;98683.0;1;1:38.683;62.0;1.0;31.5;42.0
donington;George Gradon;89188.0;3;1:29.188;22.0;43.0;32.5;43.0
donington;Ant ANT MCVITTIE;88814.0;6;1:28.814;19.0;47.0;33.0;44.0
donington;J Basso;88761.2;7;1:28.761;18.0;50.0;34.0;45.0
donington;T FR FullSpe3D;89773.71428571429;2;1:29.774;31.0;37.0;34.0;45.0
donington;M Grunert;89378.66666666667;4;1:29.379;27.0;45.0;36.0;47.0
donington;JON JONG10;88696.5;11;1:28.697;17.0;59.0;38.0;48.0
donington;B Jones;89429.66666666667;7;1:29.430;28.0;50.0;39.0;49.0
donington;J BoA Basso;89207.0;10;1:29.207;23.0;55.0;39.0;49.0
donington;Jay Ruger;90268.0;2;1:30.268;41.0;37.0;39.0;49.0
donington;C TAAT LATAPOWER;89452.33333333333;9;1:29.452;29.0;52.0;40.5;52.0
donington;Mark Browning;89881.33333333333;9;1:29.881;34.0;52.0;43.0;53.0
donington;R Sansao;89221.5;14;1:29.221;24.0;62.0;43.0;53.0
donington;R Sexton;89844.0;10;1:29.844;33.0;55.0;44.0;55.0
donington;L Hill;92794.42857142857;2;1:32.794;54.0;37.0;45.5;56.0
donington;J Caceres;91237.0;10;1:31.237;50.0;55.0;52.5;57.0
donington;F Firecannon36;90587.0;16;1:30.587;42.0;65.0;53.5;58.0
donington;F TRIGGA;91022.33333333333;13;1:31.022;47.0;60.0;53.5;58.0
donington;T xI Sodii Ix;98896.5;4;1:38.897;63.0;45.0;54.0;60.0
donington;T Marquardt;91049.0;14;1:31.049;48.0;62.0;55.0;61.0
donington;JON G10;91087.0;14;1:31.087;49.0;62.0;55.5;62.0
donington;R Lopez;91491.0;13;1:31.491;51.0;60.0;55.5;62.0
donington;L IceBite298;101076.33333333333;9;1:41.076;65.0;52.0;58.5;64.0
donington;R RMEB 6184;99441.0;10;1:39.441;64.0;55.0;59.5;65.0
hungaroring;F Frogginchill;103624.5;1;1:43.624;1.0;1.0;1.0;1.0
hungaroring;M Grunert;103735.8;1;1:43.736;2.0;1.0;1.5;2.0
hungaroring;B Jones;104197.2;1;1:44.197;5.0;1.0;3.0;3.0
hungaroring;B BadBen;104301.2;1;1:44.301;7.0;1.0;4.0;4.0
hungaroring;B MotoKris;104313.0;1;1:44.313;8.0;1.0;4.5;5.0
hungaroring;M BoA MIGRUN;104332.0;1;1:44.332;9.0;1.0;5.0;6.0
hungaroring;B BadBen80;104365.5;1;1:44.365;10.0;1.0;5.5;7.0
hungaroring;V vSparko;104435.0;1;1:44.435;11.0;1.0;6.0;8.0
hungaroring;Alex BadBen;104466.2;1;1:44.466;13.0;1.0;7.0;9.0
hungaroring;J FebrexPT;104656.0;1;1:44.656;14.0;1.0;7.5;10.0
hungaroring;F KinGKer#5147;104690.0;1;1:44.690;16.0;1.0;8.5;11.0
hungaroring;A alexcd;104696.75;1;1:44.697;17.0;1.0;9.0;12.0
hungaroring;Jay JAY RUGE;104860.25;1;1:44.860;21.0;1.0;11.0;13.0
hungaroring;Sean Prawnstar;104922.0;1;1:44.922;24.0;1.0;12.5;14.0
hungaroring;M2533274867863350;104956.6;1;1:44.957;25.0;1.0;13.0;15.0
hungaroring;D darren5239;105064.0;1;1:45.064;26.0;1.0;13.5;16.0
hungaroring;D Darren5239;105067.33333333333;1;1:45.067;27.0;1.0;14.0;17.0
hungaroring;M Mar;105079.83333333333;1;1:45.080;29.0;1.0;15.0;18.0
hungaroring;J BoA Basso;105172.0;1;1:45.172;33.0;1.0;17.0;19.0
hungaroring;B Szpak#5797;105230.8;1;1:45.231;34.0;1.0;17.5;20.0
hungaroring;David WekFest81;105573.42857142857;1;1:45.573;37.0;1.0;19.0;21.0
hungaroring;V Sparko;103862.5;2;1:43.862;3.0;36.0;19.5;22.0
hungaroring;Jay Ruger;103995.33333333333;2;1:43.995;4.0;36.0;20.0;23.0
hungaroring;L Dr Flexi Jerkov;105651.25;1;1:45.651;39.0;1.0;20.0;23.0
hungaroring;Jorge Herrera;105715.85714285714;1;1:45.716;40.0;1.0;20.5;25.0
hungaroring;Ant Mcvittie;104264.2;2;1:44.264;6.0;36.0;21.0;26.0
hungaroring;George Dodood;105755.72727272728;1;1:45.756;42.0;1.0;21.5;27.0
hungaroring;F FGTR TRIGGA;106060.66666666667;1;1:46.061;44.0;1.0;22.5;28.0
hungaroring;JON J0N G10;106479.0;1;1:46.479;47.0;1.0;24.0;29.0
hungaroring;Brian KoolAid;106795.90909090909;1;1:46.796;52.0;1.0;26.5;30.0
hungaroring;R Garcia;104763.66666666667;2;1:44.764;18.0;36.0;27.0;31.0
hungaroring;R InocentPredator;106866.5;1;1:46.867;53.0;1.0;27.0;31.0
hungaroring;L Hill;104436.6;3;1:44.437;12.0;43.0;27.5;33.0
hungaroring;Ant ANT MCVITTIE;104850.0;2;1:44.850;20.0;36.0;28.0;34.0
hungaroring;Andre Lico;104666.4;3;1:44.666;15.0;43.0;29.0;35.0
hungaroring;M2535457066609616;107183.5;1;1:47.184;57.0;1.0;29.0;35.0
hungaroring;M2533275020722869;108015.66666666667;1;1:48.016;58.0;1.0;29.5;37.0
hungaroring;G GoldNjet;109450.0;1;1:49.450;59.0;1.0;30.0;38.0
hungaroring;R YHWH144000;110001.0;1;1:50.001;60.0;1.0;30.5;39.0
hungaroring;Sean BoAPrawnStar;110110.5;1;1:50.111;62.0;1.0;31.5;40.0
hungaroring;M MaD MAR350;111792.0;1;1:51.792;64.0;1.0;32.5;41.0
hungaroring;R BoA Diamond;112459.0;1;1:52.459;65.0;1.0;33.0;42.0
hungaroring;A alexcdl18;105161.33333333333;2;1:45.161;32.0;36.0;34.0;43.0
hungaroring;J Basso;104766.0;6;1:44.766;19.0;49.0;34.0;43.0
hungaroring;J Macdonald;104861.8;6;1:44.862;22.0;49.0;35.5;45.0
hungaroring;B Dzieciol;104878.6;6;1:44.879;23.0;49.0;36.0;46.0
hungaroring;Adrian Ronda;105101.42857142857;6;1:45.101;30.0;49.0;39.5;47.0
hungaroring;Sean Briggs;105439.0;3;1:45.439;36.0;43.0;39.5;47.0
hungaroring;Mark Browning;105072.8;9;1:45.073;28.0;56.0;42.0;49.0
hungaroring;T Ferre;105148.8;7;1:45.149;31.0;54.0;42.5;50.0
hungaroring;Mark SCRAPPER 2000;106346.0;3;1:46.346;46.0;43.0;44.5;51.0
hungaroring;Sean SAFETY CAR;106946.0;2;1:46.946;54.0;36.0;45.0;52.0
hungaroring;F Trigga;105231.33333333333;9;1:45.231;35.0;56.0;45.5;53.0
hungaroring;B BRC MotoKris;106560.0;3;1:46.560;49.0;43.0;46.0;54.0
hungaroring;George Gradon;105633.8;10;1:45.634;38.0;58.0;48.0;55.0
hungaroring;M2535446862061451;106510.0;6;1:46.510;48.0;49.0;48.5;56.0
hungaroring;M2533274840768280;107127.0;3;1:47.127;56.0;43.0;49.5;57.0
hungaroring;JON Geez;105733.8;12;1:45.734;41.0;61.0;51.0;58.0
hungaroring;R Sexton;106022.8;13;1:46.023;43.0;62.0;52.5;59.0
hungaroring;Alex Summers;106164.2;15;1:46.164;45.0;63.0;54.0;60.0
hungaroring;G GTMxtthew;106726.0;10;1:46.726;51.0;58.0;54.5;61.0
hungaroring;R Lopez;106566.0;17;1:46.566;50.0;64.0;57.0;62.0
hungaroring;M2533274972938181;110005.0;8;1:50.005;61.0;55.0;58.0;63.0
hungaroring;R Sabio;107049.6;19;1:47.050;55.0;65.0;60.0;64.0
hungaroring;F Firecannon;111022.5;11;1:51.023;63.0;60.0;61.5;65.0
imola;M Grunert;101538.75;1;1:41.539;1.0;1.0;1.0;1.0
imola;B Jones;101682.25;1;1:41.682;2.0;1.0;1.5;2.0
imola;Jay Ruger;101983.16666666667;1;1:41.983;5.0;1.0;3.0;3.0
imola;P Groenewald;102065.25;1;1:42.065;6.0;1.0;3.5;4.0
imola;J Caceres;102305.33333333333;1;1:42.305;9.0;1.0;5.0;5.0
imola;Brian BoA KoolAid;102801.0;1;1:42.801;11.0;1.0;6.0;6.0
imola;L Dr Flexi Jerkov;102868.83333333333;1;1:42.869;13.0;1.0;7.0;7.0
imola;Brian Slater;102886.0;1;1:42.886;14.0;1.0;7.5;8.0
imola;Jay JAY RUGE;103050.0;1;1:43.050;16.0;1.0;8.5;9.0
imola;Alex Summers;103275.2;1;1:43.275;19.0;1.0;10.0;10.0
imola;M2533274805454626;103290.0;1;1:43.290;20.0;1.0;10.5;11.0
imola;David WekFest81;103354.8;1;1:43.355;21.0;1.0;11.0;12.0
imola;George Dodood;103409.0;1;1:43.409;23.0;1.0;12.0;13.0
imola;L Hill;101864.0;2;1:41.864;3.0;22.0;12.5;14.0
imola;J bigXjimmXe73;103985.0;1;1:43.985;27.0;1.0;14.0;15.0
imola;Ant Mcvittie;101916.33333333333;3;1:41.916;4.0;25.0;14.5;16.0
imola;R InocentPredator;104292.8;1;1:44.293;29.0;1.0;15.0;17.0
imola;B Szpak#5797;104342.25;1;1:44.342;30.0;1.0;15.5;18.0
imola;B BadBen80;104442.0;1;1:44.442;31.0;1.0;16.0;19.0
imola;B Dzieciol;102135.25;3;1:42.135;7.0;25.0;16.0;19.0
imola;J FebrexPT;104647.2;1;1:44.647;32.0;1.0;16.5;21.0
imola;Sean BoAPrawnStar;105205.0;1;1:45.205;33.0;1.0;17.0;22.0
imola;M MaD MAR350;105405.66666666667;1;1:45.406;34.0;1.0;17.5;23.0
imola;David Mojsa;103020.0;2;1:43.020;15.0;22.0;18.5;24.0
imola;T Ferre;102254.0;4;1:42.254;8.0;29.0;18.5;24.0
imola;JON J0N G10;106807.2;1;1:46.807;38.0;1.0;19.5;26.0
imola;George Gradon;102353.33333333333;7;1:42.353;10.0;32.0;21.0;27.0
imola;R Sexton;103394.25;2;1:43.394;22.0;22.0;22.0;28.0
imola;J Macdonald;102846.33333333333;10;1:42.846;12.0;34.0;23.0;29.0
imola;J Bourne;103443.0;3;1:43.443;25.0;25.0;25.0;30.0
imola;Sean Briggs;103116.0;12;1:43.116;17.0;35.0;26.0;31.0
imola;R Lopez;103145.0;13;1:43.145;18.0;37.0;27.5;32.0
imola;Mark Browning;103413.0;12;1:43.413;24.0;35.0;29.5;33.0
imola;Alex BaysideSnake1;106160.66666666667;3;1:46.161;37.0;25.0;31.0;34.0
imola;R Smith;103716.0;17;1:43.716;26.0;38.0;32.0;35.0
imola;Jorge Herrera;104254.0;17;1:44.254;28.0;38.0;33.0;36.0
imola;T xI Sodii Ix;107082.0;4;1:47.082;39.0;29.0;34.0;37.0
imola;M2535418163352504;107328.0;5;1:47.328;40.0;31.0;35.5;38.0
imola;R RMEB 6184;110917.5;8;1:50.917;41.0;33.0;37.0;39.0
imola;R YHWH144000;105462.0;18;1:45.462;35.0;40.0;37.5;40.0
imola;M Maldonado;105667.33333333333;19;1:45.667;36.0;41.0;38.5;41.0
indianapolis;B BadBen80;95635.0;1;1:35.635;1.0;1.0;1.0;1.0
indianapolis;B Dzieciol;95791.33333333333;1;1:35.791;2.0;1.0;1.5;2.0
indianapolis;B Jones;96206.33333333333;1;1:36.206;3.0;1.0;2.0;3.0
indianapolis;Jay JAY RUGE;96413.4;1;1:36.413;4.0;1.0;2.5;4.0
indianapolis;L Hill;96441.66666666667;1;1:36.442;5.0;1.0;3.0;5.0
indianapolis;B Szpak#5797;96472.66666666667;1;1:36.473;6.0;1.0;3.5;6.0
indianapolis;M BoA MIGRUN;96562.0;1;1:36.562;7.0;1.0;4.0;7.0
indianapolis;P Groenewald;96619.0;1;1:36.619;9.0;1.0;5.0;8.0
indianapolis;Ant Mcvittie;96717.33333333333;1;1:36.717;10.0;1.0;5.5;9.0
indianapolis;M Grunert;96836.5;1;1:36.837;11.0;1.0;6.0;10.0
indianapolis;T Ferre;96848.0;1;1:36.848;12.0;1.0;6.5;11.0
indianapolis;L Dr Flexi Jerkov;96852.08333333333;1;1:36.852;13.0;1.0;7.0;12.0
indianapolis;J Caseres;96912.11111111111;1;1:36.912;14.0;1.0;7.5;13.0
indianapolis;George Dodood;96930.0;1;1:36.930;15.0;1.0;8.0;14.0
indianapolis;Kevin Zepernick;96939.0;1;1:36.939;16.0;1.0;8.5;15.0
indianapolis;Mark SCRAPPER 2000;97270.8;1;1:37.271;22.0;1.0;11.5;16.0
indianapolis;Sean BoAPrawnStar;97683.0;1;1:37.683;23.0;1.0;12.0;17.0
indianapolis;Sean Briggs;97896.0;1;1:37.896;25.0;1.0;13.0;18.0
indianapolis;J bigXjimmXe73;98145.0;1;1:38.145;26.0;1.0;13.5;19.0
indianapolis;JON J0N G10;98461.0;1;1:38.461;29.0;1.0;15.0;20.0
indianapolis;R InocentPredator;98783.0;1;1:38.783;31.0;1.0;16.0;21.0
indianapolis;George Gradon;96581.0;3;1:36.581;8.0;25.0;16.5;22.0
indianapolis;Jay Ruger;134199.2;1;2:14.199;34.0;1.0;17.5;23.0
indianapolis;R Garcia;97010.25;2;1:37.010;17.0;23.0;20.0;24.0
indianapolis;R Sexton;97859.83333333333;2;1:37.860;24.0;23.0;23.5;25.0
indianapolis;J Macdonald;97063.66666666667;5;1:37.064;20.0;28.0;24.0;26.0
indianapolis;Mark Browning;97048.5;12;1:37.048;19.0;30.0;24.5;27.0
indianapolis;Sean Bellend;97035.0;13;1:37.035;18.0;31.0;24.5;27.0
indianapolis;D Golinski;97167.0;13;1:37.167;21.0;31.0;26.0;29.0
indianapolis;R Sabio;98402.5;3;1:38.403;28.0;25.0;26.5;30.0
indianapolis;J Bourne;98255.0;5;1:38.255;27.0;28.0;27.5;31.0
indianapolis;Alex BaysideSnake1;99470.0;3;1:39.470;32.0;25.0;28.5;32.0
indianapolis;C Puta;98763.5;18;1:38.764;30.0;33.0;31.5;33.0
indianapolis;Lyle King;99523.5;19;1:39.523;33.0;34.0;33.5;34.0
kyalami;J Caseres;102177.0;1;1:42.177;1.0;1.0;1.0;1.0
kyalami;B BadBen80;103671.88888888889;1;1:43.672;2.0;1.0;1.5;2.0
kyalami;T FR FullSpe3D;103686.0;1;1:43.686;3.0;1.0;2.0;3.0
kyalami;Scott RightfulChip6;104013.0;1;1:44.013;4.0;1.0;2.5;4.0
kyalami;Jay JAY RUGE;104837.63636363637;1;1:44.838;7.0;1.0;4.0;5.0
kyalami;Brian BoA KoolAid;104871.0;1;1:44.871;8.0;1.0;4.5;6.0
kyalami;Sean BoAPrawnStar;104950.2;1;1:44.950;9.0;1.0;5.0;7.0
kyalami;F BMS Fernando;105271.28571428571;1;1:45.271;10.0;1.0;5.5;8.0
kyalami;JON J0N G10;105344.25;1;1:45.344;11.0;1.0;6.0;9.0
kyalami;George Dodood;105681.75;1;1:45.682;14.0;1.0;7.5;10.0
kyalami;J FebrexPT;105895.33333333333;1;1:45.895;15.0;1.0;8.0;11.0
kyalami;Scott Currie;105912.5;1;1:45.913;16.0;1.0;8.5;12.0
kyalami;M2535418163352504;106231.5;1;1:46.231;17.0;1.0;9.0;13.0
kyalami;U UroborosGT;106726.6;1;1:46.727;18.0;1.0;9.5;14.0
kyalami;J Caceres;106832.58823529411;1;1:46.833;19.0;1.0;10.0;15.0
kyalami;D Golinski;106852.2;1;1:46.852;20.0;1.0;10.5;16.0
kyalami;P Groenewald;106943.625;1;1:46.944;21.0;1.0;11.0;17.0
kyalami;B Jones;107494.57142857143;1;1:47.495;22.0;1.0;11.5;18.0
kyalami;M Grunert;107496.92857142857;1;1:47.497;23.0;1.0;12.0;19.0
kyalami;C TAAT LATAPOWER;107499.66666666667;1;1:47.500;24.0;1.0;12.5;20.0
kyalami;R YHWH144000;107577.0;1;1:47.577;25.0;1.0;13.0;21.0
kyalami;B Szpak#5797;107648.76923076923;1;1:47.649;26.0;1.0;13.5;22.0
kyalami;Jay Ruger;108022.59090909091;1;1:48.023;27.0;1.0;14.0;23.0
kyalami;M MaD MAR350;108157.66666666667;1;1:48.158;28.0;1.0;14.5;24.0
kyalami;Andre Lico;108320.66666666667;1;1:48.321;29.0;1.0;15.0;25.0
kyalami;George Gradon;108489.44444444444;1;1:48.489;32.0;1.0;16.5;26.0
kyalami;B Dzieciol;108589.72222222222;1;1:48.590;33.0;1.0;17.0;27.0
kyalami;L Hill;108928.4;1;1:48.928;37.0;1.0;19.0;28.0
kyalami;A Skunky;109009.8;1;1:49.010;38.0;1.0;19.5;29.0
kyalami;J Macdonald;109388.44444444444;1;1:49.388;41.0;1.0;21.0;30.0
kyalami;Mark Browning;109444.36363636363;1;1:49.444;42.0;1.0;21.5;31.0
kyalami;R Sexton;109541.66666666667;1;1:49.542;43.0;1.0;22.0;32.0
kyalami;David Mojsa;109574.27272727272;1;1:49.574;44.0;1.0;22.5;33.0
kyalami;C Puta;104456.33333333333;2;1:44.456;6.0;41.0;23.5;34.0
kyalami;J Bourne;110479.5;1;1:50.480;49.0;1.0;25.0;35.0
kyalami;M Bieniek;110642.6;1;1:50.643;51.0;1.0;26.0;36.0
kyalami;JON G10;110870.25;1;1:50.870;52.0;1.0;26.5;37.0
kyalami;C Silva;105489.84615384616;2;1:45.490;13.0;41.0;27.0;38.0
kyalami;J bigXjimmXe73;110913.83333333333;1;1:50.914;53.0;1.0;27.0;38.0
kyalami;David WekFest81;111344.66666666667;1;1:51.345;55.0;1.0;28.0;40.0
kyalami;R TAAT Staff;104348.6;4;1:44.349;5.0;51.0;28.0;40.0
kyalami;R Sabio;111774.14285714286;1;1:51.774;56.0;1.0;28.5;42.0
kyalami;T xI Sodii Ix;105435.0;3;1:45.435;12.0;47.0;29.5;43.0
kyalami;L Dr Flexi Jerkov;119707.17647058824;1;1:59.707;59.0;1.0;30.0;44.0
kyalami;Sean Briggs;108372.0625;2;1:48.372;31.0;41.0;36.0;45.0
kyalami;Ant Mcvittie;108356.5;3;1:48.356;30.0;47.0;38.5;46.0
kyalami;R InocentPredator;108912.28571428571;2;1:48.912;36.0;41.0;38.5;46.0
kyalami;Brian Slater;108602.625;3;1:48.603;34.0;47.0;40.5;48.0
kyalami;I McGowan;109369.83333333333;2;1:49.370;40.0;41.0;40.5;48.0
kyalami;T Ferre;108896.0;3;1:48.896;35.0;47.0;41.0;50.0
kyalami;Lyle InsidiousIB;109248.0;6;1:49.248;39.0;53.0;46.0;51.0
kyalami;Jorge Herrera;109858.5;4;1:49.858;47.0;51.0;49.0;52.0
kyalami;R Garcia;116973.0;2;1:56.973;57.0;41.0;49.0;52.0
kyalami;F Fernando;109627.4;18;1:49.627;45.0;56.0;50.5;54.0
kyalami;T Richmond;109690.0;16;1:49.690;46.0;55.0;50.5;54.0
kyalami;R Lopez;110589.6;9;1:50.590;50.0;54.0;52.0;56.0
kyalami;Lyle King;110358.0;21;1:50.358;48.0;57.0;52.5;57.0
kyalami;JON GEEZ;111199.2;21;1:51.199;54.0;57.0;55.5;58.0
kyalami;M2535473256931494;117485.0;21;1:57.485;58.0;57.0;57.5;59.0
laguna_seca;M2535444270922751;82926.0;1;1:22.926;1.0;1.0;1.0;1.0
laguna_seca;F KinGKer#5147;83345.0;1;1:23.345;2.0;1.0;1.5;2.0
laguna_seca;M2535457066609616;84238.5;1;1:24.238;3.0;1.0;2.0;3.0
laguna_seca;B BRC MotoKris;84447.0;1;1:24.447;4.0;1.0;2.5;4.0
laguna_seca;M2533274911986508;84915.0;1;1:24.915;5.0;1.0;3.0;5.0
laguna_seca;M2535439799495397;85180.66666666667;1;1:25.181;6.0;1.0;3.5;6.0
laguna_seca;M2535424189902490;85264.5;1;1:25.265;8.0;1.0;4.5;7.0
laguna_seca;Mark SCRAPPER 2000;85960.0;1;1:25.960;9.0;1.0;5.0;8.0
laguna_seca;Jay JAY RUGE;86461.625;1;1:26.462;10.0;1.0;5.5;9.0
laguna_seca;B Jones;86555.66666666667;1;1:26.556;11.0;1.0;6.0;10.0
laguna_seca;L Hill;86561.66666666667;1;1:26.562;12.0;1.0;6.5;11.0
laguna_seca;R QuarqDaddy1;86673.5;1;1:26.674;13.0;1.0;7.0;12.0
laguna_seca;T ANM SiMPACER;87192.0;1;1:27.192;15.0;1.0;8.0;13.0
laguna_seca;M BoA MIGRUN;87350.0;1;1:27.350;18.0;1.0;9.5;14.0
laguna_seca;L Dr Flexi Jerkov;87459.6;1;1:27.460;19.0;1.0;10.0;15.0
laguna_seca;David WekFest81;88186.5;1;1:28.186;24.0;1.0;12.5;16.0
laguna_seca;M2535446743928230;85255.0;2;1:25.255;7.0;24.0;15.5;17.0
laguna_seca;George Dodood;88806.0;1;1:28.806;33.0;1.0;17.0;18.0
laguna_seca;J BoA Basso;89096.0;1;1:29.096;34.0;1.0;17.5;19.0
laguna_seca;Sean BoAPrawnStar;89261.0;1;1:29.261;35.0;1.0;18.0;20.0
laguna_seca;Alex BaysideSnake1;89456.33333333333;1;1:29.456;37.0;1.0;19.0;21.0
laguna_seca;J FebrexPT;90704.75;1;1:30.705;39.0;1.0;20.0;22.0
laguna_seca;Jay Ruger;86954.0;3;1:26.954;14.0;26.0;20.0;22.0
laguna_seca;M2535459741797416;91566.0;1;1:31.566;40.0;1.0;20.5;24.0
laguna_seca;B BadBen80;92372.33333333333;1;1:32.372;41.0;1.0;21.0;25.0
laguna_seca;T Ferre;87255.0;3;1:27.255;16.0;26.0;21.0;25.0
laguna_seca;Andre Lico;87333.0;4;1:27.333;17.0;29.0;23.0;27.0
laguna_seca;M Grunert;87475.66666666667;4;1:27.476;20.0;29.0;24.5;28.0
laguna_seca;Ant McVittie;87858.0;6;1:27.858;21.0;34.0;27.5;29.0
laguna_seca;Mark Browning;88179.66666666667;6;1:28.180;23.0;34.0;28.5;30.0
laguna_seca;David Mojsa;88058.0;7;1:28.058;22.0;38.0;30.0;31.0
laguna_seca;R InocentPredator;89765.0;2;1:29.765;38.0;24.0;31.0;32.0
laguna_seca;Sean Briggs;88191.0;8;1:28.191;25.0;39.0;32.0;33.0
laguna_seca;Brian Slater;88203.0;8;1:28.203;27.0;39.0;33.0;34.0
laguna_seca;J Macdonald;88191.33333333333;10;1:28.191;26.0;41.0;33.5;35.0
laguna_seca;R BoA Diamond;93085.0;3;1:33.085;43.0;26.0;34.5;36.0
laguna_seca;Alex Summers;88424.0;11;1:28.424;29.0;42.0;35.5;37.0
laguna_seca;T xI Sodii Ix;92493.0;4;1:32.493;42.0;29.0;35.5;37.0
laguna_seca;George Gradon;88421.33333333333;12;1:28.421;28.0;44.0;36.0;39.0
laguna_seca;JON Geez;88564.0;11;1:28.564;30.0;42.0;36.0;39.0
laguna_seca;M2535418163352504;93559.0;4;1:33.559;45.0;29.0;37.0;41.0
laguna_seca;M2535456578212306;93897.0;4;1:33.897;46.0;29.0;37.5;42.0
laguna_seca;R Sexton;88669.66666666667;13;1:28.670;32.0;45.0;38.5;43.0
laguna_seca;R Smith;88621.33333333333;14;1:28.621;31.0;46.0;38.5;43.0
laguna_seca;P PedroTomePT;93463.5;6;1:33.464;44.0;34.0;39.0;45.0
laguna_seca;R RMEB 6184;97675.0;6;1:37.675;47.0;34.0;40.5;46.0
laguna_seca;R Lopez;89451.0;18;1:29.451;36.0;47.0;41.5;47.0
misano;B Szpak#5797;94306.5;1;1:34.306;1.0;1.0;1.0;1.0
misano;J BoA Basso;95047.25;1;1:35.047;2.0;1.0;1.5;2.0
misano;Ant ANT MCVITTIE;95532.2;1;1:35.532;4.0;1.0;2.5;3.0
misano;L Dr Flexi Jerkov;96774.41176470589;1;1:36.774;6.0;1.0;3.5;4.0
misano;J FebrexPT;96942.58333333333;1;1:36.943;7.0;1.0;4.0;5.0
misano;David WekFest81;96996.33333333333;1;1:36.996;9.0;1.0;5.0;6.0
misano;B BadBen80;97037.66666666667;1;1:37.038;10.0;1.0;5.5;7.0
misano;Jay JAY RUGE;97091.75;1;1:37.092;11.0;1.0;6.0;8.0
misano;R YHWH144000;97192.63636363637;1;1:37.193;12.0;1.0;6.5;9.0
misano;Sean BoAPrawnStar;97862.25;1;1:37.862;13.0;1.0;7.0;10.0
misano;R TAAT Staff;98083.5;1;1:38.084;14.0;1.0;7.5;11.0
misano;R InocentPredator;98268.8947368421;1;1:38.269;16.0;1.0;8.5;12.0
misano;Mark SCRAPPER 2000;95134.0;2;1:35.134;3.0;15.0;9.0;13.0
misano;J bigXjimmXe73;99580.0;1;1:39.580;19.0;1.0;10.0;14.0
misano;JON J0N G10;100311.75;1;1:40.312;21.0;1.0;11.0;15.0
misano;George Dodood;96948.42857142857;2;1:36.948;8.0;15.0;11.5;16.0
misano;M2535462783380332;96565.66666666667;9;1:36.566;5.0;23.0;14.0;17.0
misano;M2535453432622651;98202.0;2;1:38.202;15.0;15.0;15.0;18.0
misano;M MaD MAR350;99521.0;2;1:39.521;18.0;15.0;16.5;19.0
misano;M2535418163352504;100351.0;2;1:40.351;22.0;15.0;18.5;20.0
misano;Brian BoA KoolAid;98557.5;5;1:38.557;17.0;22.0;19.5;21.0
misano;T xI Sodii Ix;100102.5;3;1:40.102;20.0;20.0;20.0;22.0
misano;Alex BaysideSnake1;100692.33333333333;4;1:40.692;23.0;21.0;22.0;23.0
monza;T SuperGas747;107570.66666666667;1;1:47.571;1.0;1.0;1.0;1.0
monza;Jay JAY RUGE;107607.33333333333;1;1:47.607;2.0;1.0;1.5;2.0
monza;Jay Ruger;108037.33333333333;1;1:48.037;3.0;1.0;2.0;3.0
monza;L Dr Flexi Jerkov;108377.66666666667;1;1:48.378;5.0;1.0;3.0;4.0
monza;B BadBen80;108732.14285714286;1;1:48.732;6.0;1.0;3.5;5.0
monza;F FGTR TRIGGA;108828.0;1;1:48.828;7.0;1.0;4.0;6.0
monza;B Jones;108920.0;1;1:48.920;9.0;1.0;5.0;7.0
monza;P Mr Sipex;109010.5;1;1:49.011;11.0;1.0;6.0;8.0
monza;George Dodood;109145.0;1;1:49.145;12.0;1.0;6.5;9.0
monza;David Mojsa;109213.5;1;1:49.214;13.0;1.0;7.0;10.0
monza;M2535442170768476;109381.33333333333;1;1:49.381;15.0;1.0;8.0;11.0
monza;M2535453432622651;109650.0;1;1:49.650;18.0;1.0;9.5;12.0
monza;J Bourne;109917.0;1;1:49.917;19.0;1.0;10.0;13.0
monza;R TAAT Staff;109968.375;1;1:49.968;20.0;1.0;10.5;14.0
monza;R BoA Diamond;110314.71428571429;1;1:50.315;23.0;1.0;12.0;15.0
monza;Brian BoA KoolAid;110316.0;1;1:50.316;24.0;1.0;12.5;16.0
monza;Sean BoAPrawnStar;110515.36363636363;1;1:50.515;26.0;1.0;13.5;17.0
monza;JON J0N G10;110838.75;1;1:50.839;27.0;1.0;14.0;18.0
monza;David WekFest81;110911.2;1;1:50.911;28.0;1.0;14.5;19.0
monza;M MaD MAR350;111043.0;1;1:51.043;30.0;1.0;15.5;20.0
monza;R YHWH144000;111613.2;1;1:51.613;31.0;1.0;16.0;21.0
monza;Andre LicoPT;108340.0;5;1:48.340;4.0;29.0;16.5;22.0
monza;J bigXjimmXe73;219145.16666666666;1;3:39.145;36.0;1.0;18.5;23.0
monza;J FebrexPT;230621.83333333334;1;3:50.622;37.0;1.0;19.0;24.0
monza;A SkunkyHigh5;108831.0;8;1:48.831;8.0;32.0;20.0;25.0
monza;R InocentPredator;109628.4;2;1:49.628;16.0;24.0;20.0;25.0
monza;M BoA MIGRUN;109640.66666666667;3;1:49.641;17.0;26.0;21.5;27.0
monza;M2535462783380332;108921.33333333333;9;1:48.921;10.0;34.0;22.0;28.0
monza;Jason Chug A Lug N;109293.0;8;1:49.293;14.0;32.0;23.0;29.0
monza;M2535441730221737;110483.0;4;1:50.483;25.0;27.0;26.0;30.0
monza;Ant ANT MCVITTIE;110307.0;9;1:50.307;22.0;34.0;28.0;31.0
monza;T xI Sodii Ix;112166.0;2;1:52.166;32.0;24.0;28.0;31.0
monza;M2535423790973663;110054.66666666667;12;1:50.055;21.0;36.0;28.5;33.0
monza;Alex BaysideSnake1;112669.0;4;1:52.669;33.0;27.0;30.0;34.0
monza;C TAAT LATAPOWER;110965.0;6;1:50.965;29.0;31.0;30.0;34.0
monza;M2535418163352504;112924.0;5;1:52.924;34.0;29.0;31.5;36.0
monza;R RMEB 6184;115262.0;14;1:55.262;35.0;37.0;36.0;37.0
mount_panorama;M BoA MIGRUN;122283.2;1;2:02.283;1.0;1.0;1.0;1.0
mount_panorama;J Febrex;122290.8;1;2:02.291;2.0;1.0;1.5;2.0
mount_panorama;T SuperGas747;122413.0;1;2:02.413;3.0;1.0;2.0;3.0
mount_panorama;Ant McVITTIE;122875.33333333333;1;2:02.875;7.0;1.0;4.0;4.0
mount_panorama;J FebrexPT;123098.82142857143;1;2:03.099;9.0;1.0;5.0;5.0
mount_panorama;L Dr Flexi Jerkov;123106.29411764706;1;2:03.106;10.0;1.0;5.5;6.0
mount_panorama;B BadBen80;123136.625;1;2:03.137;11.0;1.0;6.0;7.0
mount_panorama;M Migrun;123390.5;1;2:03.390;12.0;1.0;6.5;8.0
mount_panorama;Brian BoA KoolAid;123510.0;1;2:03.510;13.0;1.0;7.0;9.0
mount_panorama;Jay JAY RUGE;123578.8947368421;1;2:03.579;14.0;1.0;7.5;10.0
mount_panorama;George Dodood;123634.66666666667;1;2:03.635;15.0;1.0;8.0;11.0
mount_panorama;David WekFest81;123750.6;1;2:03.751;16.0;1.0;8.5;12.0
mount_panorama;Sean PrawnStar;124506.0;1;2:04.506;19.0;1.0;10.0;13.0
mount_panorama;A SkunkyHigh5;122543.0;2;2:02.543;4.0;17.0;10.5;14.0
mount_panorama;Jay RUGE;122724.75;2;2:02.725;5.0;17.0;11.0;15.0
mount_panorama;Sean BoAPrawnStar;124998.0;1;2:04.998;21.0;1.0;11.0;15.0
mount_panorama;Andre LicoPT;122860.66666666667;5;2:02.861;6.0;21.0;13.5;17.0
mount_panorama;R InocentPredator;125897.78260869565;1;2:05.898;26.0;1.0;13.5;17.0
mount_panorama;Brian KoolAid;122971.5;5;2:02.971;8.0;21.0;14.5;19.0
mount_panorama;R YHWH144000;126905.0;1;2:06.905;30.0;1.0;15.5;20.0
mount_panorama;T FullSpe3D;124071.0;8;2:04.071;17.0;24.0;20.5;21.0
mount_panorama;M2533274792734590;125645.0;3;2:05.645;24.0;20.0;22.0;22.0
mount_panorama;Mark SCRAPPER 2000;126022.0;2;2:06.022;28.0;17.0;22.5;23.0
mount_panorama;R Predator;124501.66666666667;11;2:04.502;18.0;27.0;22.5;23.0
mount_panorama;CGT Trolly;124834.0;13;2:04.834;20.0;29.0;24.5;25.0
mount_panorama;M2535423790973663;125684.0;8;2:05.684;25.0;24.0;24.5;25.0
mount_panorama;S sookmycook;125181.33333333333;12;2:05.181;22.0;28.0;25.0;27.0
mount_panorama;J Basso;126651.66666666667;7;2:06.652;29.0;23.0;26.0;28.0
mount_panorama;R Sansao;125373.0;13;2:05.373;23.0;29.0;26.0;28.0
mount_panorama;B Bazz77;125944.0;9;2:05.944;27.0;26.0;26.5;30.0
nurburgring;M Grunert;113933.2;1;1:53.933;1.0;1.0;1.0;1.0
nurburgring;L Hill;114539.85714285714;1;1:54.540;4.0;1.0;2.5;2.0
nurburgring;R Garcia;114648.0;1;1:54.648;5.0;1.0;3.0;3.0
nurburgring;B BadBen80;114652.25;1;1:54.652;6.0;1.0;3.5;4.0
nurburgring;P Mr Sipex;114922.0;1;1:54.922;9.0;1.0;5.0;5.0
nurburgring;J FebrexPT;114984.90909090909;1;1:54.985;11.0;1.0;6.0;6.0
nurburgring;B Dzieciol;115051.85714285714;1;1:55.052;14.0;1.0;7.5;7.0
nurburgring;Ant ANT MCVITTIE;115116.0;1;1:55.116;16.0;1.0;8.5;8.0
nurburgring;Jay JAY RUGE;115133.14285714286;1;1:55.133;17.0;1.0;9.0;9.0
nurburgring;R TAAT Staff;115153.11111111111;1;1:55.153;18.0;1.0;9.5;10.0
nurburgring;L Dr Flexi Jerkov;115173.81818181818;1;1:55.174;19.0;1.0;10.0;11.0
nurburgring;B Szpak#5797;115446.45454545454;1;1:55.446;21.0;1.0;11.0;12.0
nurburgring;B Jones;114217.33333333333;2;1:54.217;2.0;21.0;11.5;13.0
nurburgring;Brian BoA KoolAid;115664.0;1;1:55.664;24.0;1.0;12.5;14.0
nurburgring;J Caceres;114705.57142857143;2;1:54.706;7.0;21.0;14.0;15.0
nurburgring;Andre Lico;114453.33333333333;3;1:54.453;3.0;26.0;14.5;16.0
nurburgring;David WekFest81;115922.0;1;1:55.922;29.0;1.0;15.0;17.0
nurburgring;George Dodood;116360.0;1;1:56.360;31.0;1.0;16.0;18.0
nurburgring;JON J0N G10;116884.5;1;1:56.885;33.0;1.0;17.0;19.0
nurburgring;Jay Ruger;114898.8;3;1:54.899;8.0;26.0;17.0;19.0
nurburgring;R InocentPredator;117089.125;1;1:57.089;35.0;1.0;18.0;21.0
nurburgring;Scott RightfulChip6;115083.0;2;1:55.083;15.0;21.0;18.0;21.0
nurburgring;J bigXjimmXe73;118060.0;1;1:58.060;38.0;1.0;19.5;23.0
nurburgring;M2535432209834550;118440.0;1;1:58.440;39.0;1.0;20.0;24.0
nurburgring;P Groenewald;114984.5;6;1:54.984;10.0;33.0;21.5;25.0
nurburgring;R YHWH144000;118971.33333333333;1;1:58.971;42.0;1.0;21.5;25.0
nurburgring;Brian Slater;115015.0;7;1:55.015;12.0;34.0;23.0;27.0
nurburgring;David Mojsa;115668.5;2;1:55.669;25.0;21.0;23.0;27.0
nurburgring;Sean Briggs;115748.0;2;1:55.748;26.0;21.0;23.5;29.0
nurburgring;Ant Mcvittie;115019.66666666667;9;1:55.020;13.0;35.0;24.0;30.0
nurburgring;T Ferre;115553.25;4;1:55.553;23.0;30.0;26.5;31.0
nurburgring;C Silva;116203.5;3;1:56.203;30.0;26.0;28.0;32.0
nurburgring;D Golinski;115423.0;11;1:55.423;20.0;36.0;28.0;32.0
nurburgring;C TAAT LATAPOWER;116845.25;3;1:56.845;32.0;26.0;29.0;34.0
nurburgring;Scott Currie;115453.5;11;1:55.453;22.0;36.0;29.0;34.0
nurburgring;JON G10;115773.0;13;1:55.773;27.0;38.0;32.5;36.0
nurburgring;Jorge Herrera;117042.75;5;1:57.043;34.0;31.0;32.5;36.0
nurburgring;George Gradon;115813.5;14;1:55.813;28.0;39.0;33.5;38.0
nurburgring;F Franco;118837.0;5;1:58.837;41.0;31.0;36.0;39.0
nurburgring;R Sexton;117545.66666666667;19;1:57.546;37.0;40.0;38.5;40.0
nurburgring;R Lopez;117109.5;20;1:57.109;36.0;42.0;39.0;41.0
nurburgring;R Sabio;118729.5;19;1:58.730;40.0;40.0;40.0;42.0
nurburgring_24h;David WekFest81;517937.0;1;8:37.937;1.0;1.0;1.0;1.0
nurburgring_24h;M MaD MAR350;574696.75;1;9:34.697;2.0;1.0;1.5;2.0
oulton_park;M Migrun;94636.4;1;1:34.636;3.0;1.0;2.0;1.0
oulton_park;Jay JAY RUGE;95001.0;1;1:35.001;7.0;1.0;4.0;2.0
oulton_park;T FR FullSpe3D;95156.57142857143;1;1:35.157;9.0;1.0;5.0;3.0
oulton_park;David Wekfest;95335.2;1;1:35.335;10.0;1.0;5.5;4.0
oulton_park;David WekFest81;95567.0;1;1:35.567;11.0;1.0;6.0;5.0
oulton_park;Mark SCRAPPER 2000;95640.0;1;1:35.640;12.0;1.0;6.5;6.0
oulton_park;Brian BoA KoolAid;95703.0;1;1:35.703;13.0;1.0;7.0;7.0
oulton_park;Brian KoolAid;94521.0;3;1:34.521;1.0;15.0;8.0;8.0
oulton_park;Jay RUGE;94547.33333333333;3;1:34.547;2.0;15.0;8.5;9.0
oulton_park;Ant Mcvittie;94794.0;2;1:34.794;6.0;13.0;9.5;10.0
oulton_park;B BadBen80;96745.85714285714;1;1:36.746;20.0;1.0;10.5;11.0
oulton_park;J Febrex;94679.66666666667;4;1:34.680;4.0;18.0;11.0;12.0
oulton_park;B Bazz 77;94698.0;4;1:34.698;5.0;18.0;11.5;13.0
oulton_park;L Dr Flexi Jerkov;95030.0;3;1:35.030;8.0;15.0;11.5;13.0
oulton_park;R InocentPredator;97083.66666666667;1;1:37.084;23.0;1.0;12.0;15.0
oulton_park;R YHWH144000;97304.25;1;1:37.304;24.0;1.0;12.5;16.0
oulton_park;JON J0N G10;97830.0;1;1:37.830;25.0;1.0;13.0;17.0
oulton_park;Sean BoAPrawnStar;95748.0;2;1:35.748;14.0;13.0;13.5;18.0
oulton_park;J FebrexPT;98524.6;1;1:38.525;27.0;1.0;14.0;19.0
oulton_park;Sean PrawnStar;95764.0;4;1:35.764;15.0;18.0;16.5;20.0
oulton_park;R Sansao;95872.5;4;1:35.873;17.0;18.0;17.5;21.0
oulton_park;S sookmycook;95802.75;5;1:35.803;16.0;22.0;19.0;22.0
oulton_park;R Predator;95915.5;6;1:35.916;18.0;24.0;21.0;23.0
oulton_park;JON JONG10;96725.0;12;1:36.725;19.0;25.0;22.0;24.0
oulton_park;J Basso;97067.5;14;1:37.068;21.0;26.0;23.5;25.0
oulton_park;M2533274825153890;98232.0;5;1:38.232;26.0;22.0;24.0;26.0
oulton_park;George Dodood;97077.0;15;1:37.077;22.0;27.0;24.5;27.0
paul_ricard;M2535429995799479;119407.0;1;1:59.407;1.0;1.0;1.0;1.0
paul_ricard;M2535459741797416;125543.0;1;2:05.543;4.0;1.0;2.5;2.0
paul_ricard;B BadBen80;126567.5;1;2:06.567;5.0;1.0;3.0;3.0
paul_ricard;M2533274954394205;119847.0;2;1:59.847;2.0;6.0;4.0;4.0
paul_ricard;Sean BoAPrawnStar;127386.0;1;2:07.386;7.0;1.0;4.0;4.0
paul_ricard;M2533274792623500;121100.0;3;2:01.100;3.0;8.0;5.5;6.0
paul_ricard;J FebrexPT;127146.5;2;2:07.146;6.0;6.0;6.0;7.0
paul_ricard;M MaD MAR350;127427.33333333333;3;2:07.427;8.0;8.0;8.0;8.0
paul_ricard;Alex BaysideSnake1;128948.0;1;2:08.948;16.0;1.0;8.5;9.0
paul_ricard;T xI Sodii Ix;127833.0;5;2:07.833;9.0;11.0;10.0;10.0
paul_ricard;P PedroTomePT;128752.0;3;2:08.752;14.0;8.0;11.0;11.0
paul_ricard;George Dodood;128514.75;5;2:08.515;12.0;11.0;11.5;12.0
paul_ricard;M2535423399946415;128107.0;6;2:08.107;10.0;13.0;11.5;12.0
paul_ricard;F Franco#6938;128417.0;6;2:08.417;11.0;13.0;12.0;14.0
paul_ricard;JON J0N G10;128662.5;7;2:08.662;13.0;15.0;14.0;15.0
paul_ricard;R BoA Diamond;128831.0;11;2:08.831;15.0;16.0;15.5;16.0
paul_ricard;M2535418163352504;129792.0;12;2:09.792;17.0;17.0;17.0;17.0
red_bull_ring;Jay Ruger;88517.25;1;1:28.517;1.0;1.0;1.0;1.0
red_bull_ring;A Skunky;88618.5;1;1:28.619;2.0;1.0;1.5;2.0
red_bull_ring;B Szpak#5797;88671.41666666667;1;1:28.671;3.0;1.0;2.0;3.0
red_bull_ring;B Dzieciol;88696.33333333333;1;1:28.696;4.0;1.0;2.5;4.0
red_bull_ring;B BadBen80;88722.0;1;1:28.722;5.0;1.0;3.0;5.0
red_bull_ring;Jay JAY RUGE;88878.75;1;1:28.879;7.0;1.0;4.0;6.0
red_bull_ring;A SkunkyHigh5;89047.5;1;1:29.047;9.0;1.0;5.0;7.0
red_bull_ring;L Hill;89312.33333333333;1;1:29.312;12.0;1.0;6.5;8.0
red_bull_ring;Brian BoA KoolAid;89388.0;1;1:29.388;13.0;1.0;7.0;9.0
red_bull_ring;George Gradon;89478.0;1;1:29.478;14.0;1.0;7.5;10.0
red_bull_ring;J Macdonald;89965.8;1;1:29.966;15.0;1.0;8.0;11.0
red_bull_ring;Sean Briggs;90055.5;1;1:30.055;16.0;1.0;8.5;12.0
red_bull_ring;L Dr Flexi Jerkov;90090.0;1;1:30.090;18.0;1.0;9.5;13.0
red_bull_ring;J bigXjimmXe73;90097.16666666667;1;1:30.097;19.0;1.0;10.0;14.0
red_bull_ring;George Dodood;90166.0;1;1:30.166;20.0;1.0;10.5;15.0
red_bull_ring;Mark Browning;90413.0;1;1:30.413;21.0;1.0;11.0;16.0
red_bull_ring;R Sexton;90637.2;1;1:30.637;23.0;1.0;12.0;17.0
red_bull_ring;R InocentPredator;90865.0;1;1:30.865;24.0;1.0;12.5;18.0
red_bull_ring;David WekFest81;91130.0;1;1:31.130;25.0;1.0;13.0;19.0
red_bull_ring;Mark SCRAPPER 2000;91160.16666666667;1;1:31.160;26.0;1.0;13.5;20.0
red_bull_ring;JON J0N G10;91206.0;1;1:31.206;27.0;1.0;14.0;21.0
red_bull_ring;R Sabio;91364.0;1;1:31.364;28.0;1.0;14.5;22.0
red_bull_ring;B Jones;88869.25;2;1:28.869;6.0;24.0;15.0;23.0
red_bull_ring;R YHWH144000;91386.0;1;1:31.386;29.0;1.0;15.0;23.0
red_bull_ring;M Grunert;89008.0;4;1:29.008;8.0;25.0;16.5;25.0
red_bull_ring;Ant Mcvittie;89121.33333333333;4;1:29.121;10.0;25.0;17.5;26.0
red_bull_ring;Brian Slater;89217.0;6;1:29.217;11.0;27.0;19.0;27.0
red_bull_ring;T Ferre;90062.0;11;1:30.062;17.0;28.0;22.5;28.0
red_bull_ring;JON G10;90435.0;12;1:30.435;22.0;29.0;25.5;29.0
silverstone;Andre Lico;118690.4;1;1:58.690;1.0;1.0;1.0;1.0
silverstone;Ant Mcvittie;118915.85714285714;1;1:58.916;2.0;1.0;1.5;2.0
silverstone;Jay Ruger;119340.42857142857;1;1:59.340;3.0;1.0;2.0;3.0
silverstone;Mark SCRAPPER 2000;119384.0;1;1:59.384;4.0;1.0;2.5;4.0
silverstone;L Hill;119412.58333333333;1;1:59.413;5.0;1.0;3.0;5.0
silverstone;A Skunky;119560.875;1;1:59.561;7.0;1.0;4.0;6.0
silverstone;B Jones;119634.28571428571;1;1:59.634;8.0;1.0;4.5;7.0
silverstone;I McGowan;119789.66666666667;1;1:59.790;9.0;1.0;5.0;8.0
silverstone;J Caceres;119982.83333333333;1;1:59.983;11.0;1.0;6.0;9.0
silverstone;Jay JAY RUGE;120178.5;1;2:00.178;12.0;1.0;6.5;10.0
silverstone;L Dr Flexi Jerkov;120332.42857142857;1;2:00.332;15.0;1.0;8.0;11.0
silverstone;R InocentPredator;121448.0;1;2:01.448;21.0;1.0;11.0;12.0
silverstone;B Bazz 77;121797.33333333333;1;2:01.797;22.0;1.0;11.5;13.0
silverstone;F Simmonds;121815.2;1;2:01.815;23.0;1.0;12.0;14.0
silverstone;B BadBen80;121957.92857142857;1;2:01.958;24.0;1.0;12.5;15.0
silverstone;R YHWH144000;122297.35714285714;1;2:02.297;25.0;1.0;13.0;16.0
silverstone;J FebrexPT;122724.09523809524;1;2:02.724;27.0;1.0;14.0;17.0
silverstone;JON G10;123491.1;1;2:03.491;28.0;1.0;14.5;18.0
silverstone;Sean BoAPrawnStar;123502.53846153847;1;2:03.503;29.0;1.0;15.0;19.0
silverstone;J bigXjimmXe73;124403.5;1;2:04.404;30.0;1.0;15.5;20.0
silverstone;George Dodood;124622.0;1;2:04.622;31.0;1.0;16.0;21.0
silverstone;Brian BoA KoolAid;125636.4;1;2:05.636;32.0;1.0;16.5;22.0
silverstone;R TAAT Staff;125692.0;1;2:05.692;33.0;1.0;17.0;23.0
silverstone;B BADBEN;125976.375;1;2:05.976;34.0;1.0;17.5;24.0
silverstone;M BoA MIGRUN;126018.0;1;2:06.018;35.0;1.0;18.0;25.0
silverstone;David WekFest81;126474.5;1;2:06.474;37.0;1.0;19.0;26.0
silverstone;JON J0N G10;127876.125;1;2:07.876;39.0;1.0;20.0;27.0
silverstone;P Mr Sipex;128186.33333333333;1;2:08.186;40.0;1.0;20.5;28.0
silverstone;M2535452067104700;128772.0;1;2:08.772;43.0;1.0;22.0;29.0
silverstone;Ant McVITTIE;129140.25;1;2:09.140;44.0;1.0;22.5;30.0
silverstone;R STAFF;129216.33333333333;1;2:09.216;45.0;1.0;23.0;31.0
silverstone;S soookmycoook80;120227.0;2;2:00.227;13.0;33.0;23.0;31.0
silverstone;George Gradon;120474.83333333333;2;2:00.475;16.0;33.0;24.5;33.0
silverstone;Mark Browning;120652.875;2;2:00.653;18.0;33.0;25.5;34.0
silverstone;Brian Koolaid;131164.8;1;2:11.165;51.0;1.0;26.0;35.0
silverstone;Brian Slater;119528.4;5;1:59.528;6.0;49.0;27.5;36.0
silverstone;M Grunert;119836.14285714286;4;1:59.836;10.0;45.0;27.5;36.0
silverstone;T Marquardt;120255.75;3;2:00.256;14.0;42.0;28.0;38.0
silverstone;R Sabio;122447.66666666667;2;2:02.448;26.0;33.0;29.5;39.0
silverstone;Sean Briggs;120497.625;3;2:00.498;17.0;42.0;29.5;39.0
silverstone;J Serip;126158.14285714286;2;2:06.158;36.0;33.0;34.5;41.0
silverstone;J BoA Basso;127427.2;2;2:07.427;38.0;33.0;35.5;42.0
silverstone;Ant ANT MCVITTIE;128406.0;2;2:08.406;41.0;33.0;37.0;43.0
silverstone;J Macdonald;121008.83333333333;9;2:01.009;19.0;55.0;37.0;43.0
silverstone;R Sexton;121130.5;10;2:01.131;20.0;56.0;38.0;45.0
silverstone;M MIGRUN;130591.66666666667;2;2:10.592;50.0;33.0;41.5;46.0
silverstone;P MR.SIPEX;132094.8;2;2:12.095;52.0;33.0;42.5;47.0
silverstone;F Franco#6938;130084.0;4;2:10.084;46.0;45.0;45.5;48.0
silverstone;R DADDY;130531.0;4;2:10.531;49.0;45.0;47.0;49.0
silverstone;George DODOOD;128528.5;8;2:08.528;42.0;53.0;47.5;50.0
silverstone;L IceBite298;132132.25;3;2:12.132;53.0;42.0;47.5;50.0
silverstone;J BASSO;130303.0;7;2:10.303;47.0;51.0;49.0;52.0
silverstone;Sean PRAWNSTAR;130303.0;7;2:10.303;47.0;51.0;49.0;52.0
silverstone;F FRANCO;133424.0;4;2:13.424;55.0;45.0;50.0;54.0
silverstone;M MaD MAR350;133067.2;5;2:13.067;54.0;49.0;51.5;55.0
silverstone;R BoA Diamond;133461.6;8;2:13.462;56.0;53.0;54.5;56.0
silverstone;R RMEB6184;136404.66666666666;10;2:16.405;59.0;56.0;57.5;57.0
silverstone;M2535456578212306;135891.0;14;2:15.891;58.0;58.0;58.0;58.0
silverstone;R RMEB 6184;134409.5;16;2:14.409;57.0;59.0;58.0;58.0
snetterton;L Hill;116891.8;1;1:56.892;1.0;1.0;1.0;1.0
snetterton;L Dr Flexi Jerkov;116996.75;1;1:56.997;2.0;1.0;1.5;2.0
snetterton;Sean Briggs;117920.0;1;1:57.920;6.0;1.0;3.5;3.0
snetterton;F FGTR TRIGGA;118305.75;1;1:58.306;8.0;1.0;4.5;4.0
snetterton;L IceBite298;118622.0;1;1:58.622;9.0;1.0;5.0;5.0
snetterton;F Trigga;117460.66666666667;2;1:57.461;3.0;8.0;5.5;6.0
snetterton;Jason Chug A Lug N;118842.0;1;1:58.842;10.0;1.0;5.5;6.0
snetterton;B BadBen80;117679.5;2;1:57.679;4.0;8.0;6.0;8.0
snetterton;J bigXjimmXe73;119796.0;1;1:59.796;11.0;1.0;6.0;8.0
snetterton;B Jones;117846.0;4;1:57.846;5.0;10.0;7.5;10.0
snetterton;L Anderson;118124.66666666667;4;1:58.125;7.0;10.0;8.5;11.0
snetterton;R Briggs;119842.5;5;1:59.843;12.0;12.0;12.0;12.0
spa;Andre Lico;137642.33333333334;1;2:17.642;1.0;1.0;1.0;1.0
spa;B Jones;137991.6;1;2:17.992;2.0;1.0;1.5;2.0
spa;M Grunert;138065.8;1;2:18.066;3.0;1.0;2.0;3.0
spa;M Migrun;138347.66666666666;1;2:18.348;4.0;1.0;2.5;4.0
spa;J Febrex;138607.85714285713;1;2:18.608;6.0;1.0;3.5;5.0
spa;George Dodood;138639.25;1;2:18.639;7.0;1.0;4.0;6.0
spa;Jay Ruger;138654.2;1;2:18.654;8.0;1.0;4.5;7.0
spa;J Caceres;138697.18181818182;1;2:18.697;9.0;1.0;5.0;8.0
spa;George Gradon;138858.75;1;2:18.859;10.0;1.0;5.5;9.0
spa;L Hill;138957.16666666666;1;2:18.957;14.0;1.0;7.5;10.0
spa;B BadBen80;139099.0;1;2:19.099;15.0;1.0;8.0;11.0
spa;Jay RUGE;139108.53846153847;1;2:19.109;16.0;1.0;8.5;12.0
spa;Ant Mcvittie;139206.0;1;2:19.206;18.0;1.0;9.5;13.0
spa;Brian KoolAid;139250.4;1;2:19.250;20.0;1.0;10.5;14.0
spa;Sean Briggs;139741.33333333334;1;2:19.741;22.0;1.0;11.5;15.0
spa;Sean PrawnStar;139972.2;1;2:19.972;23.0;1.0;12.0;16.0
spa;R Sexton;140150.5;1;2:20.151;24.0;1.0;12.5;17.0
spa;David Mojsa;140720.0;1;2:20.720;27.0;1.0;14.0;18.0
spa;Mark SCRAPPER 2000;141109.2;1;2:21.109;30.0;1.0;15.5;19.0
spa;R Predator;141400.66666666666;1;2:21.401;31.0;1.0;16.0;20.0
spa;R Sabio;141902.33333333334;1;2:21.902;34.0;1.0;17.5;21.0
spa;I McGowen;138417.0;5;2:18.417;5.0;31.0;18.0;22.0
spa;I McGowan;138949.5;2;2:18.950;13.0;24.0;18.5;23.0
spa;R YHWH144000;144178.5;1;2:24.178;36.0;1.0;18.5;23.0
spa;B Dzieciol;144860.0;1;2:24.860;37.0;1.0;19.0;25.0
spa;David Wekfest;139209.0;2;2:19.209;19.0;24.0;21.5;26.0
spa;Brian Slater;138889.0;7;2:18.889;12.0;33.0;22.5;27.0
spa;T Richmond;138875.0;8;2:18.875;11.0;34.0;22.5;27.0
spa;M2535433627058596;139147.5;4;2:19.148;17.0;30.0;23.5;29.0
spa;T FR FullSpe3D;140196.75;2;2:20.197;25.0;24.0;24.5;30.0
spa;F FGTR TRIGGA;140731.0;2;2:20.731;28.0;24.0;26.0;31.0
spa;F Simmonds;139659.0;6;2:19.659;21.0;32.0;26.5;32.0
spa;S sookmycook;140813.8;2;2:20.814;29.0;24.0;26.5;32.0
spa;R Sansao;141475.5;2;2:21.476;32.0;24.0;28.0;34.0
spa;J Macdonald;140426.33333333334;11;2:20.426;26.0;35.0;30.5;35.0
spa;J Basso;141889.5;11;2:21.890;33.0;35.0;34.0;36.0
spa;Matt Keen;142720.0;15;2:22.720;35.0;37.0;36.0;37.0
suzuka;M BoA MIGRUN;122153.5;1;2:02.154;1.0;1.0;1.0;1.0
suzuka;P Mr Sipex;123437.16666666667;1;2:03.437;3.0;1.0;2.0;2.0
suzuka;Ant ANT MCVITTIE;123933.75;1;2:03.934;4.0;1.0;2.5;3.0
suzuka;Brian BoA KoolAid;125400.0;1;2:05.400;6.0;1.0;3.5;4.0
suzuka;B BadBen80;125641.68421052632;1;2:05.642;7.0;1.0;4.0;5.0
suzuka;George Dodood;126177.53846153847;1;2:06.178;9.0;1.0;5.0;6.0
suzuka;J FebrexPT;126418.85;1;2:06.419;10.0;1.0;5.5;7.0
suzuka;Sean BoAPrawnStar;127237.28571428571;1;2:07.237;11.0;1.0;6.0;8.0
suzuka;JON J0N G10;127703.5;1;2:07.704;14.0;1.0;7.5;9.0
suzuka;R InocentPredator;128032.30769230769;1;2:08.032;15.0;1.0;8.0;10.0
suzuka;David WekFest81;128180.25;1;2:08.180;16.0;1.0;8.5;11.0
suzuka;S soookmycoook80;124560.0;2;2:04.560;5.0;14.0;9.5;12.0
suzuka;Jay JAY RUGE;129582.92857142857;1;2:09.583;24.0;1.0;12.5;13.0
suzuka;M MaD MAR350;123230.0;5;2:03.230;2.0;23.0;12.5;13.0
suzuka;J Febrex;127410.8;2;2:07.411;12.0;14.0;13.0;15.0
suzuka;Mark SCRAPPER 2000;127520.75;3;2:07.521;13.0;17.0;15.0;16.0
suzuka;R YHWH144000;132067.5;1;2:12.068;32.0;1.0;16.5;17.0
suzuka;Brian KoolAid;128318.4;3;2:08.318;17.0;17.0;17.0;18.0
suzuka;David Wekfest;128373.8;3;2:08.374;18.0;17.0;17.5;19.0
suzuka;J BoA Basso;125645.0;10;2:05.645;8.0;28.0;18.0;20.0
suzuka;Jay RUGE;128780.8;3;2:08.781;21.0;17.0;19.0;21.0
suzuka;B Bazz 77;129635.14285714286;2;2:09.635;25.0;14.0;19.5;22.0
suzuka;S sookmycook;129043.2;3;2:09.043;23.0;17.0;20.0;23.0
suzuka;M Migrun;128542.8;4;2:08.543;19.0;22.0;20.5;24.0
suzuka;R Predator;129013.2;5;2:09.013;22.0;23.0;22.5;25.0
suzuka;Sean PrawnStar;128736.0;6;2:08.736;20.0;25.0;22.5;25.0
suzuka;T FR FullSpe3D;130095.5;6;2:10.095;26.0;25.0;25.5;27.0
suzuka;Ant Mcvittie;130793.0;9;2:10.793;29.0;27.0;28.0;28.0
suzuka;J Basso;130218.5;13;2:10.219;28.0;29.0;28.5;29.0
suzuka;JON JONG10;130167.0;14;2:10.167;27.0;30.0;28.5;29.0
suzuka;F Firecannon36;131049.8;14;2:11.050;30.0;30.0;30.0;31.0
suzuka;BoA Hoonigan;131132.0;16;2:11.132;31.0;32.0;31.5;32.0
suzuka;R Sansao;220719.0;17;3:40.719;33.0;33.0;33.0;33.0
valencia;B BadBen80;91921.30769230769;1;1:31.921;1.0;1.0;1.0;1.0
valencia;J FebrexPT;92388.68;1;1:32.389;3.0;1.0;2.0;2.0
valencia;Brian BoA KoolAid;93571.875;1;1:33.572;7.0;1.0;4.0;3.0
valencia;M BoA MIGRUN;93905.36363636363;1;1:33.905;8.0;1.0;4.5;4.0
valencia;Mark SCRAPPER 2000;94451.5;1;1:34.452;9.0;1.0;5.0;5.0
valencia;Sean BoAPrawnStar;94473.54545454546;1;1:34.474;10.0;1.0;5.5;6.0
valencia;R InocentPredator;94762.84210526316;1;1:34.763;11.0;1.0;6.0;7.0
valencia;L Dr Flexi Jerkov;95018.0;1;1:35.018;12.0;1.0;6.5;8.0
valencia;George Dodood;95024.11111111111;1;1:35.024;13.0;1.0;7.0;9.0
valencia;J BoA Basso;95506.75;1;1:35.507;15.0;1.0;8.0;10.0
valencia;Jay JAY RUGE;95633.0;1;1:35.633;16.0;1.0;8.5;11.0
valencia;David WekFest81;96504.27272727272;1;1:36.504;17.0;1.0;9.0;12.0
valencia;B Jones;97361.33333333333;1;1:37.361;19.0;1.0;10.0;13.0
valencia;A Skunky;97677.6;1;1:37.678;22.0;1.0;11.5;14.0
valencia;Ant ANT MCVITTIE;92229.75;2;1:32.230;2.0;21.0;11.5;14.0
valencia;Mark Browning;98264.75;1;1:38.265;27.0;1.0;14.0;16.0
valencia;A SkunkyHigh5;98370.0;1;1:38.370;30.0;1.0;15.5;17.0
valencia;S soookmycoook80;93238.2;3;1:33.238;6.0;26.0;16.0;18.0
valencia;R YHWH144000;98742.33333333333;1;1:38.742;34.0;1.0;17.5;19.0
valencia;B Bazz 77;93075.8;5;1:33.076;5.0;31.0;18.0;20.0
valencia;JON J0N G10;98845.5;1;1:38.846;35.0;1.0;18.0;20.0
valencia;F FGTR TRIGGA;99260.0;1;1:39.260;38.0;1.0;19.5;22.0
valencia;CGT CGT TROLLY;92928.6;8;1:32.929;4.0;36.0;20.0;23.0
valencia;M Grunert;97403.0;2;1:37.403;20.0;21.0;20.5;24.0
valencia;Jay Ruger;97678.5;2;1:37.678;23.0;21.0;22.0;25.0
valencia;Ryan KanieBCAFC;103389.6;1;1:43.390;43.0;1.0;22.0;25.0
valencia;M2533274825153890;97189.25;4;1:37.189;18.0;28.0;23.0;27.0
valencia;Andre Lico;97444.66666666667;4;1:37.445;21.0;28.0;24.5;28.0
valencia;L Hill;98451.66666666667;2;1:38.452;32.0;21.0;26.5;29.0
valencia;M2533274792734590;95176.75;15;1:35.177;14.0;41.0;27.5;30.0
valencia;George Gradon;97828.33333333333;7;1:37.828;24.0;34.0;29.0;31.0
valencia;Ant Mcvittie;98612.75;3;1:38.613;33.0;26.0;29.5;32.0
valencia;Brian Slater;97989.0;6;1:37.989;26.0;33.0;29.5;32.0
valencia;R Sexton;99432.25;2;1:39.432;39.0;21.0;30.0;34.0
valencia;Sean Briggs;97948.0;9;1:37.948;25.0;37.0;31.0;35.0
valencia;J Macdonald;99071.75;4;1:39.072;37.0;28.0;32.5;36.0
valencia;David Mojsa;98321.33333333333;10;1:38.321;28.0;38.0;33.0;37.0
valencia;F Trigga;98414.66666666667;10;1:38.415;31.0;38.0;34.5;38.0
valencia;T Ferre;98330.0;11;1:38.330;29.0;40.0;34.5;38.0
valencia;M2535450544461562;98900.0;7;1:38.900;36.0;34.0;35.0;40.0
valencia;R Sabio;100326.75;5;1:40.327;41.0;31.0;36.0;41.0
valencia;R Lopez;100145.0;16;1:40.145;40.0;42.0;41.0;42.0
valencia;Ryan Kane;101355.0;18;1:41.355;42.0;43.0;42.5;43.0
watkins_glen;B Jones;104559.66666666667;1;1:44.560;1.0;1.0;1.0;1.0
watkins_glen;A Skunky;104642.0;1;1:44.642;3.0;1.0;2.0;2.0
watkins_glen;M Grunert;104720.25;1;1:44.720;4.0;1.0;2.5;3.0
watkins_glen;L Hill;104783.0;1;1:44.783;5.0;1.0;3.0;4.0
watkins_glen;B BADBEN;104807.33333333333;1;1:44.807;6.0;1.0;3.5;5.0
watkins_glen;B BadBen80;104912.0;1;1:44.912;8.0;1.0;4.5;6.0
watkins_glen;J Serip;105019.6;1;1:45.020;10.0;1.0;5.5;7.0
watkins_glen;Jay JAY RUGE;105146.25;1;1:45.146;12.0;1.0;6.5;8.0
watkins_glen;P MR.SIPEX;105197.33333333333;1;1:45.197;13.0;1.0;7.0;9.0
watkins_glen;B Szpak#5797;105351.33333333333;1;1:45.351;19.0;1.0;10.0;10.0
watkins_glen;TAAT M1TRA;105616.5;1;1:45.617;21.0;1.0;11.0;11.0
watkins_glen;Mark SCRAPPER 2000;105640.5;1;1:45.641;23.0;1.0;12.0;12.0
watkins_glen;J FebrexPT;105724.33333333333;1;1:45.724;25.0;1.0;13.0;13.0
watkins_glen;L Dr Flexi Jerkov;105832.25;1;1:45.832;26.0;1.0;13.5;14.0
watkins_glen;C LATAPOWER;105882.66666666667;1;1:45.883;27.0;1.0;14.0;15.0
watkins_glen;Jay Ruger;104621.66666666667;3;1:44.622;2.0;28.0;15.0;16.0
watkins_glen;TAAT GUNA;104988.5;2;1:44.989;9.0;23.0;16.0;17.0
watkins_glen;George Dodood;106254.5;1;1:46.255;33.0;1.0;17.0;18.0
watkins_glen;R STAFF;105246.6;2;1:45.247;16.0;23.0;19.5;19.0
watkins_glen;J BoA Basso;106845.75;1;1:46.846;40.0;1.0;20.5;20.0
watkins_glen;Brian Slater;104809.0;5;1:44.809;7.0;35.0;21.0;21.0
watkins_glen;David WekFest81;107010.0;1;1:47.010;42.0;1.0;21.5;22.0
watkins_glen;Sean BoAPrawnStar;107382.88888888889;1;1:47.383;44.0;1.0;22.5;23.0
watkins_glen;T Ferre;105631.5;2;1:45.632;22.0;23.0;22.5;23.0
watkins_glen;J bigXjimmXe73;108360.0;1;1:48.360;47.0;1.0;24.0;25.0
watkins_glen;Ant Mcvittie;105037.33333333333;7;1:45.037;11.0;39.0;25.0;26.0
watkins_glen;M2535418163352504;110637.0;1;1:50.637;51.0;1.0;26.0;27.0
watkins_glen;Sean Briggs;105657.0;3;1:45.657;24.0;28.0;26.0;27.0
watkins_glen;R Garcia;105226.66666666667;7;1:45.227;14.0;39.0;26.5;29.0
watkins_glen;JON J0N G10;113859.0;1;1:53.859;54.0;1.0;27.5;30.0
watkins_glen;J Macdonald;105245.0;8;1:45.245;15.0;42.0;28.5;31.0
watkins_glen;M BoA MIGRUN;105979.0;3;1:45.979;29.0;28.0;28.5;31.0
watkins_glen;George Gradon;105310.66666666667;8;1:45.311;17.0;42.0;29.5;33.0
watkins_glen;R Lopez;105954.0;4;1:45.954;28.0;34.0;31.0;34.0
watkins_glen;F Trigga;105339.66666666667;9;1:45.340;18.0;46.0;32.0;35.0
watkins_glen;Mark Browning;105465.0;9;1:45.465;20.0;46.0;33.0;36.0
watkins_glen;R InocentPredator;106760.85714285714;3;1:46.761;39.0;28.0;33.5;37.0
watkins_glen;Ant ANT MCVITTIE;106408.0;5;1:46.408;35.0;35.0;35.0;38.0
watkins_glen;F FRANCO;106109.0;7;1:46.109;31.0;39.0;35.0;38.0
watkins_glen;P PEDROTOME;107151.75;3;1:47.152;43.0;28.0;35.5;40.0
watkins_glen;M MaD MAR350;110357.5;2;1:50.358;49.0;23.0;36.0;41.0
watkins_glen;T xI Sodii Ix;110470.5;2;1:50.471;50.0;23.0;36.5;42.0
watkins_glen;Brian Koolaid;106197.0;8;1:46.197;32.0;42.0;37.0;43.0
watkins_glen;R DADDY;106331.0;8;1:46.331;34.0;42.0;38.0;44.0
watkins_glen;G GAZZMC;106008.0;11;1:46.008;30.0;49.0;39.5;45.0
watkins_glen;Alex BaysideSnake1;111457.33333333333;3;1:51.457;52.0;28.0;40.0;46.0
watkins_glen;R YHWH144000;108860.0;5;1:48.860;48.0;35.0;41.5;47.0
watkins_glen;J BASSO;106424.0;10;1:46.424;36.0;48.0;42.0;48.0
watkins_glen;JON Geeeeeeez;106429.0;15;1:46.429;37.0;53.0;45.0;49.0
watkins_glen;R RMEB 6184;112551.0;6;1:52.551;53.0;38.0;45.5;50.0
watkins_glen;Sean PRAWNSTAR;106878.0;12;1:46.878;41.0;50.0;45.5;50.0
watkins_glen;R Sexton;106659.66666666667;16;1:46.660;38.0;54.0;46.0;52.0
watkins_glen;David WEKFEST;107559.5;13;1:47.559;46.0;52.0;49.0;53.0
watkins_glen;R Sabio;107418.0;17;1:47.418;45.0;55.0;50.0;54.0
watkins_glen;M BIENIEK;182175.66666666666;12;3:02.176;55.0;50.0;52.5;55.0
zandvoort;B BadBen80;106480.33333333333;1;1:46.480;1.0;1.0;1.0;1.0
zandvoort;M2535453432622651;106723.0;1;1:46.723;2.0;1.0;1.5;2.0
zandvoort;J FebrexPT;107234.0;1;1:47.234;3.0;1.0;2.0;3.0
zandvoort;L Dr Flexi Jerkov;107517.36363636363;1;1:47.517;4.0;1.0;2.5;4.0
zandvoort;Jay JAY RUGE;108421.0;1;1:48.421;7.0;1.0;4.0;5.0
zandvoort;George Dodood;109211.2;1;1:49.211;8.0;1.0;4.5;6.0
zandvoort;R InocentPredator;111255.92857142857;1;1:51.256;9.0;1.0;5.0;7.0
zandvoort;M MaD MAR350;107876.0;2;1:47.876;5.0;8.0;6.5;8.0
zandvoort;Sean BoAPrawnStar;108030.0;6;1:48.030;6.0;9.0;7.5;9.0
zolder;B BadBen80;89901.33333333333;1;1:29.901;1.0;1.0;1.0;1.0
zolder;Ant ANT MCVITTIE;90264.85714285714;1;1:30.265;2.0;1.0;1.5;2.0
zolder;George Dodood;90394.33333333333;1;1:30.394;3.0;1.0;2.0;3.0
zolder;M BoA MIGRUN;90477.85714285714;1;1:30.478;5.0;1.0;3.0;4.0
zolder;J FebrexPT;90915.33333333333;1;1:30.915;7.0;1.0;4.0;5.0
zolder;P Mr Sipex;91000.72727272728;1;1:31.001;8.0;1.0;4.5;6.0
zolder;M MaD MAR350;90439.83333333333;2;1:30.440;4.0;8.0;6.0;7.0
zolder;F Franco#6938;90733.0;2;1:30.733;6.0;8.0;7.0;8.0
zolder;JON J0N G10;92151.0;1;1:32.151;14.0;1.0;7.5;9.0
zolder;R BoA Diamond;91102.875;2;1:31.103;10.0;8.0;9.0;10.0
zolder;Brian BoA KoolAid;91035.42857142857;5;1:31.035;9.0;13.0;11.0;11.0
zolder;Sean BoAPrawnStar;91282.33333333333;3;1:31.282;12.0;11.0;11.5;12.0
zolder;Alex BaysideSnake1;91840.8;4;1:31.841;13.0;12.0;12.5;13.0
zolder;J BoA Basso;91273.2;8;1:31.273;11.0;14.0;12.5;13.0
zolder;R RMEB 6184;94533.0;8;1:34.533;15.0;14.0;14.5;15.0
zolder;R InocentPredator;94979.75;9;1:34.980;16.0;16.0;16.0;16.0
