Driver,ID,Class
ANT MCVITTIE,M2533274896948119,Pro
BadBen80,M2562092466593675,Pro
BoA Diamond,M2533274963284096,Pro
BoA KoolAid,M2533274804593068,Pro
BoAMIGRUN,M2533274879957725,Pro
BoAPrawnStar,M2535426324983035,Pro
I S c I2 u I3 I,M2533274817811996,Pro
Imagine Sphax,M2533274876472342,Pro
InocentPredator,M2533274809212122,Pro
J0NG10,M2533274803882798,Pro
JAY RUGE,M2533274848023341,Pro
SCRAPPER 2000,M2533274796566438,Pro
Dzieciol,M2535450086590569,Silver
Ferre,M2535461572527417,Silver
Gradon,M2535437571018285,Silver
Groenewald,M2535430383921534,Silver
Hill,M2533274805889819,Silver
Jones,M2535406085017532,Silver
Keen,M2533274934545075,Silver
Lopes,M2535460476819136,Silver
Macdonald,M2533274809536861,Silver
Macdonald,P3916539245430747912,Silver
Sabio Jr.,M2535464171877570,Silver
Stapely,M2533274804293173,Silver
Teixeira,M2535459740942870,Silver
van Maanen,M2535439618096780,Silver
Amaral,M2535471399818041,Am/reserve
Barfield,P6555717445734582767,Am/reserve
Beiboer,M2535465743812802,Am/reserve
Bromhead,M2535468358420160,Am/reserve
Burton,P8342114600090339060,Am/reserve
Casciotti,M2535446884963243,Am/reserve
Cáceres,M2535432740391477,Am/reserve
Cirel,M2535459005860319,Am/reserve
Crum,M2535443425843768,Am/reserve
Garcia,M2533274823895089,Am/reserve
Garcia,M2533274823895089,Am/reserve
Gohoreanu,M2535432030469566,Am/reserve
Gross,M2535430534227760,Am/reserve
Guy,M2535471595523114,Am/reserve
Hallam,M2535429463915836,Am/reserve
Hatcher,M2533274853814129,Am/reserve
Hayter,M25354627832280332,Am/reserve
Huxley,M2535454029768367,Am/reserve
Illidge,M2535428245246604,Am/reserve
Johnstone,M2535421862963748,Am/reserve
Lovell,M2535468859834853,Am/reserve
MacGowan,M2533274806514359,Am/reserve
McGowan,M2533274806514359,Am/reserve
Mojsa,M2535450693182151,Am/reserve
Myers,M2535433627058596,Am/reserve
Navarro,M2535450702745500,Am/reserve
Pedro,M2535407791780515,Am/reserve
Pys,M2535463134976001,Am/reserve
Rex,P4614911784324097,Am/reserve
Richmond,M2535463400577494,Am/reserve
Robinson,M2535420124665160,Am/reserve
Roche,M2535428335198107,Am/reserve
Smith,M2535457981610431,Am/reserve
Summers,M2533274968067271,Am/reserve
Tidman,M2535422371678774,Am/reserve
Unsworth,M2535456131389478,Am/reserve
